driverId,name,ssn,location,certified,wage-plan
10,James Wilkerson,508-03-7311,"0034 Johnson Course Suite 753
Lake Sergio, HI 51823",Y,hours
11,Lee Miller,457-72-9191,"3927 Phillips Valley
Gregorystad, UT 03877",Y,hours
12,Luke Atkinson,615-08-7146,"USCGC Baker
FPO AA 32980",N,hours
13,Michael Hensley,120-49-1448,"183 Simon Track Suite 693
South Dylanberg, MO 86846",Y,miles
14,Elizabeth Bowman,093-01-0873,"273 Castillo Valley Suite 567
West Markland, AZ 25205",Y,miles
15,Nicole Atkins,081-47-6898,"037 Sherry Coves
Jacksonmouth, CT 08939",Y,hours
16,Leah Henderson,211-54-2304,"9100 Matthew Flats Apt. 715
Williamside, FM 49346",Y,miles
17,Randy Davies,631-65-4318,"226 Charles Crescent
Josephborough, KY 15494",Y,miles
18,Thomas West,555-88-7607,"11728 Susan Summit
West Vickieburgh, MO 50541",Y,miles
19,Janet Davis,665-92-8032,"73581 Jackson Trafficway
North Nicholasmouth, PW 24979",N,miles
20,Edward Villarreal,338-78-2114,"PSC 0015, Box 6460
APO AE 44523",N,hours
21,Anthony Miller,186-16-1827,"24808 Mcconnell Club Apt. 125
Moranview, NJ 64515",N,miles
22,Michael Drake,255-98-8332,"2901 Becky Junctions
Deborahland, PW 76328",N,miles
23,Laura Gonzales,882-80-2655,"9507 Tiffany Cliffs Suite 663
North Tamara, CO 06519",Y,hours
24,Erika Middleton,341-09-9612,"2035 Alexandra Plains Apt. 114
Lake Ericmouth, NY 31522",N,hours
25,Kelli Phillips,807-46-2059,"226 Fox Plain Apt. 875
Lake Lindafort, GU 18249",Y,hours
26,Timothy Wilson,192-42-4786,"9160 Molina Square
Port Heather, UT 42175",Y,miles
27,Melissa Henry,478-87-3854,"PSC 7410, Box 9557
APO AE 65856",N,miles
28,Rickey Reed,281-16-0049,"785 Reed Cliff
West Crystal, MP 87303",N,miles
29,Gina Garcia,211-93-1252,"09723 Amy Neck
Guzmanmouth, MI 74032",N,hours
30,Stephen Rogers,539-69-6214,"861 Bright Court
Port Travis, AL 05768",Y,hours
31,Kathleen Li,467-81-7753,"77428 Charles Stravenue
Timothymouth, WY 80569",N,hours
32,Erika Brooks,681-87-5645,"08532 Wesley Ford
Victorville, OK 88734",Y,miles
33,Yesenia James,897-98-4612,"7636 Navarro Cliffs Apt. 975
South Johnside, RI 13105",Y,hours
34,Lori Woods,817-12-8150,"671 Bird Viaduct Apt. 716
Brennanfort, AZ 22747",N,hours
35,Kenneth Roberts,707-42-2588,"457 Kimberly Mountain Suite 298
West Pamelafurt, NH 31097",N,miles
36,Riley Cowan,153-49-5798,"54524 Lisa Stream Suite 388
South Erikfurt, MS 27004",Y,hours
37,Kristin Williams,135-89-2677,"58843 Crystal View Suite 043
Melissabury, WY 69152",Y,miles
38,Elizabeth Scott,716-43-0291,"85784 Kimberly Plains
South Kylemouth, CA 86260",N,miles
39,Brandi Watson,518-50-4595,"8835 Spencer Mall
Autumnport, NM 54705",Y,hours
40,Christine Baker,323-99-9763,"10483 Carson Glens Apt. 586
Smithmouth, NH 91132",N,hours
41,Jennifer Smith,724-18-7171,"2270 Clayton Fords
North Michael, WI 23011",N,miles
42,Danielle Gonzalez,649-23-6384,"561 Maurice Roads Suite 210
Paynefurt, NH 32475",N,miles
43,Jesus Allen,362-87-3977,"55213 Kramer Glen
East Jasontown, TX 36188",N,hours
44,Shelby Mcclure,194-69-8503,"9905 Douglas Forge Apt. 011
North Richard, KS 60681",Y,miles
45,Joshua Silva,497-46-3117,"04513 Kevin Trace
Port Hunter, GU 89849",N,hours
46,Emily Franklin,269-80-6510,"182 Munoz Orchard Suite 535
South Johnnyland, WA 02792",Y,hours
47,Shirley Stephens,251-07-8329,"760 Kelly Manors Suite 039
Lake Susan, CT 03921",Y,miles
48,David Graham,763-65-6647,"Unit 2276 Box 1137
DPO AA 49743",Y,hours
49,Brianna Walter,576-30-8413,"11811 Bates Extensions Apt. 196
West Amanda, PA 41507",N,hours
50,Janet Baker,359-06-5675,"1623 Christopher Plain
Port Patty, GA 96180",Y,miles
51,William Horne,535-03-7295,"700 Cindy Vista
South Amy, SC 78130",Y,hours
52,Casey Coffey,381-04-9454,"54702 Morgan Station
North Kevinmouth, OH 40592",Y,miles
53,Joseph Thornton,164-85-4042,"17779 Hahn Shoals Apt. 626
East Jessicaton, OH 34947",N,hours
54,Sylvia Snyder,294-64-1490,"46066 Marshall Walk
South Reneehaven, IN 86893",Y,hours
55,Natalie Holmes,073-10-7264,"4265 Joseph Trafficway
East Garyville, KS 21056",N,miles
56,Kathleen Bullock,642-29-3877,"7502 John Drive Apt. 436
Villafort, VT 53641",Y,hours
57,Leslie Bowman,868-39-7122,"397 David Trail
Mooreland, GU 27201",Y,hours
58,Colleen Joyce,598-56-6372,"2913 Krystal Centers
Brittanyburgh, NY 71991",N,hours
59,Tristan Murphy,081-22-8006,"4248 Phelps Keys Apt. 072
Heatherfurt, PR 83618",N,miles
60,Ashlee Cisneros,726-06-0081,"3553 Denise Loop Suite 540
Kennedyfort, AR 45686",Y,hours
61,Samantha Cook,663-51-1804,"498 Cunningham Fort
Leefort, PA 22223",N,miles
62,Heather Thomas,840-77-0509,"9282 Marcus Trace
North Richard, PW 31146",Y,hours
63,Anthony Fox,064-26-0155,"38299 Deleon Corner Apt. 327
Andersonport, NV 49596",Y,miles
64,Marcus Phillips,291-92-8389,"92048 Lisa Fields
Williamsmouth, CA 70523",N,miles
65,Michael Carlson,888-61-0132,"509 Alexis Shoal Suite 023
Lake Kirsten, VI 74284",N,hours
66,Tanya White,703-61-0974,"Unit 0169 Box 0369
DPO AP 59485",Y,miles
67,Anthony Cox,185-08-0942,"934 Young Fords Suite 946
Lake Nicholasfort, VA 48611",N,miles
68,Micheal Valentine,877-10-2766,"33644 Brock Ville Apt. 456
Lake Jennifershire, MP 27115",N,hours
69,Alicia Blevins,441-73-1276,"Unit 8354 Box 9816
DPO AE 04132",Y,hours
70,Steven Mason,819-06-5208,"014 Kathryn Creek
West Ericshire, PW 26381",N,hours
71,Stephen Martin,383-37-6781,"119 Taylor Causeway Suite 257
Lake Stephanie, AZ 97322",N,miles
72,Brian Long,885-41-3918,"7671 Chelsey Mews Apt. 642
North Nicholas, TN 66931",Y,hours
73,Nathan Thompson,076-49-2396,"665 Marc Isle Suite 871
West Kimberly, MP 72649",Y,miles
74,Veronica Carlson,802-80-2540,"671 Janet Squares
Kellyton, NC 36710",N,hours
75,Stacy Rogers,889-81-4145,"471 Wright Plains
Mcdonaldview, VT 09619",N,miles
76,Catherine Hopkins,247-11-4525,"USS Obrien
FPO AA 71285",N,hours
77,Keith Gonzalez,319-19-0828,"3409 Gomez Roads Apt. 763
North Scott, DC 81441",Y,miles
78,Sarah Alexander,523-48-1051,"471 Maxwell Branch Apt. 370
Port Jacob, NE 20147",Y,miles
79,Erin Mcdonald,420-36-9973,"40934 Joanna Groves Apt. 370
Moodyport, MT 70731",Y,miles
80,Jessica Williams,602-30-7684,"98542 Todd Views
Patrickfort, NM 83637",Y,hours
81,Todd Fisher,818-53-3182,"720 Heidi Tunnel
South Josephburgh, SD 44183",N,miles
82,Kimberly Gray,748-94-6959,"958 Rogers Dam Suite 156
Serranomouth, ME 79451",Y,hours
83,Kerri Anderson,347-81-1866,"1537 Kimberly Glens Apt. 230
Carolview, MD 86934",N,miles
84,Kelly Sanchez,568-65-3821,"PSC 8196, Box 5551
APO AA 06947",N,hours
85,Nicholas Wood,731-17-1787,"694 Trujillo Causeway Suite 944
South Spencer, WA 81135",Y,hours
86,Jeanette Williams,839-28-1499,"4821 Keith Haven Apt. 596
West Michelleview, SC 41122",Y,miles
87,Carrie Garcia,106-70-9710,"322 Cole Cove
New John, GA 20066",N,hours
88,Kimberly Cooley,077-76-9787,"486 Shelly Grove Apt. 713
Paynehaven, CA 16290",Y,hours
89,Barbara Long,126-91-7411,"73910 Amanda Valleys
Callahantown, NC 94630",N,hours
90,Sarah Li,600-97-5191,"15138 Edwards Bypass Suite 909
North Susan, AR 10782",N,hours
91,Douglas Hubbard,194-53-4705,"50431 Maria Rue
Davidport, NM 98492",N,hours
92,Samuel Hubbard,167-22-3889,"864 Kirk Ranch Apt. 127
East Glenntown, RI 41526",N,miles
93,Amanda Hicks,692-44-6136,"26704 Lisa Pass
Debraside, GA 04164",N,miles
94,Laura Howard,238-28-2268,"316 Robin Locks Suite 795
Lake Brandonstad, PR 38576",N,hours
95,Eric Carter,483-65-4057,"023 Mueller Cliff
New Angelaside, GA 99408",Y,hours
96,Rhonda Henry,474-84-5604,"07847 Mcclain Crossroad Apt. 350
Crossfurt, CA 40731",N,miles
97,Andrea Shaw,849-26-1887,"071 David Isle
East Jamesstad, ND 54969",N,hours
98,Michelle Patrick,864-80-4031,"473 Clark Ridge Apt. 013
South Rebeccastad, MA 08834",Y,miles
99,Keith Davis,824-94-0918,"37526 Brandon Mountain
South Kathryn, MN 76237",N,miles
100,Alexandra Morgan,622-68-3793,"0779 Ortiz Mews
Gonzalezbury, MA 18949",Y,hours
101,Jessica Foster,224-04-5543,"5616 Patrick Expressway Suite 483
Russellborough, PR 36517",Y,miles
102,Amber Drake,721-40-1291,"1450 Nicholas Forges
North Davidview, VT 06116",Y,hours
103,Jeanne Meadows,234-49-7025,"PSC 6610, Box 5300
APO AP 69847",N,miles
104,Todd Clayton,276-98-3622,"Unit 5026 Box 3707
DPO AE 71513",Y,miles
105,Regina Pena,638-75-5009,"6681 Daniel Flats
South Jessebury, OR 11274",N,hours
106,Michael Brown,334-72-3307,"132 Woods Shores
Scotthaven, AZ 81330",N,hours
107,Brian Medina,709-97-3905,"731 Jason Station Suite 424
Lake Cynthiaburgh, DC 02809",Y,miles
108,Andrew Anderson,687-32-4084,"3164 Stacy Path
Shermanbury, MI 05036",Y,miles
109,Julia Snyder,560-41-8327,"7539 Randy Unions
Richardsview, PR 96171",Y,hours
110,Charles Parker,477-46-4706,"57882 Cindy Crossing
Maloneville, NC 29115",Y,hours
111,Jasmine Jones,682-26-6081,"943 Kirk Oval
Port Julian, MS 16258",N,hours
112,Gary Garcia,680-22-4695,"03966 Brown Estate Suite 456
South Williambury, ID 16073",N,hours
113,Randy Herrera,380-57-5615,"903 Sean Rapids Suite 162
Danielfort, MN 09284",Y,miles
114,Samantha Ford,604-86-9802,"0397 Collins Roads Apt. 078
Rossburgh, AZ 17327",Y,hours
115,Bryan Clark,007-95-5791,"4505 Caroline Plaza
Andersontown, AL 52882",Y,miles
116,James Flynn,741-42-4666,"580 Lane Mill Apt. 705
Robertport, OK 39036",N,miles
117,Brittney Barker,489-44-3737,"805 Angela Parks
Sarafort, RI 13665",Y,miles
118,Jennifer Scott,883-55-3674,"323 Laura Stravenue Suite 477
West Kayla, IL 93312",N,miles
119,Jennifer Owens,709-29-9055,"PSC 4723, Box 6657
APO AA 83156",N,hours
120,Daniel Hernandez,016-69-6103,"82799 Crawford Shoal Apt. 972
Rachelburgh, NY 28261",N,hours
121,Jamie Meyer,672-61-8383,"43120 Miller Springs Suite 388
North Jennamouth, CT 54977",Y,miles
122,Randy Le,876-03-9434,"1582 James Radial
North Lisaburgh, NC 89920",Y,hours
123,Tiffany Kemp,454-21-9434,"353 David Greens Apt. 772
Lake Tracey, KY 91047",Y,hours
124,Christine Cantrell,643-66-2178,"28949 Cain Crossing
Brownmouth, FM 38694",Y,hours
125,Zachary Hernandez,051-95-7467,"88081 Michael Spurs Apt. 172
Hintonstad, AL 78383",N,miles
126,Kyle Baker,898-68-3520,"7942 Mitchell Inlet Suite 119
West Stephanie, IN 40137",N,hours
127,Robert Harper,829-15-6175,"7507 Jennifer Point
South Alex, PR 62896",N,hours
128,Walter Dyer,237-17-8820,"PSC 3596, Box 4461
APO AP 28401",N,hours
129,Anthony Fowler,394-31-8049,"6716 William Bypass Suite 722
Reidview, HI 07873",N,hours
130,Shawn Delacruz,876-34-5221,"966 Robinson Streets
Richardsmouth, CO 14405",Y,miles
131,Caitlin Ward,702-98-3166,"USCGC Mason
FPO AA 71421",Y,miles
132,Katie Wright,159-34-0455,"7014 Jennifer Summit
Walkermouth, SD 48164",N,hours
133,Shannon Moore,419-69-3149,"34031 Glenn Mount
Port Christine, SD 87266",Y,hours
134,Mary Beck,481-57-7366,"555 Johnson Corners Apt. 480
Guerrerotown, NH 05486",Y,miles
135,Jennifer Howard,594-40-5806,"607 Joe Plaza Apt. 358
Englishton, NE 36297",N,hours
136,Brandi Summers,530-20-9917,"156 Reeves Springs
Greenchester, KS 43914",N,miles
137,Brian Holt,870-08-1050,"91510 Flores Summit Apt. 161
South Mark, GA 17744",N,hours
138,Angela Wu,753-99-5220,"04596 Phelps Light Apt. 582
North Daniel, CO 42345",N,hours
139,Nicole Smith,565-83-9159,"5886 Landry Turnpike
Meyersview, MP 77163",Y,hours
140,Lisa Humphrey,633-05-4288,"930 William Springs
Lambertland, KS 83104",Y,hours
141,Pamela Sullivan,662-56-4972,"7070 Hill Union Apt. 330
Markmouth, PA 57166",N,miles
142,Mark Lopez,428-88-5972,"2950 Roberts Village
New Gloria, UT 66421",N,hours
143,Angela Trevino,008-79-2721,"70964 Dennis Crossroad Suite 853
Allentown, OK 97856",N,miles
144,Cory Medina,824-46-1878,"35615 Michael Inlet Apt. 278
Banksfort, AR 84569",Y,miles
145,Kevin Wise,341-14-8368,"952 Evans Village
North Megantown, KS 46151",Y,hours
146,John Leon,683-36-1279,"040 Melanie Square
New Nicolemouth, MA 72398",N,hours
147,Heather Brandt,111-86-0221,"0100 Benjamin Crescent
North Alyssaton, PA 71566",Y,hours
148,Angela Kelly,573-85-0624,"0142 Logan Branch
Glenshire, TN 12728",N,miles
149,Peggy Carrillo,701-19-3719,"04656 Jenkins Gardens
Davidhaven, VA 84277",Y,miles
150,Brian Smith,335-53-1658,"5218 Brewer Walks Apt. 912
Lake Shaunmouth, AZ 52773",N,miles
151,Jonathan Collins,502-69-6844,"6195 Hill Crest Suite 893
East Kyletown, ME 81002",Y,miles
152,Debra Carpenter,715-02-4878,"637 Megan Trail Suite 826
North Nathanside, WA 27908",Y,miles
153,Jessica Clayton,450-11-2060,"08005 John Knoll Suite 495
Port Sarah, CT 27318",N,miles
154,Mark Hall,449-71-4634,"57866 Jones Summit Suite 729
Port Jeffmouth, MD 76533",Y,miles
155,Jane Cortez,077-36-6978,"0493 Javier Gardens Suite 999
Leahland, MI 32717",Y,miles
156,Shawn Fernandez,267-25-5127,"PSC 4051, Box 6497
APO AP 01948",Y,hours
157,Kelsey Miller,326-68-2740,"76301 Wallace Road
Port Whitney, IA 78762",N,hours
158,Theresa Petersen,451-04-6749,"5420 Myers Hollow Suite 319
Booneside, PR 31920",N,miles
159,David Doyle,177-83-7483,"0821 Wayne Junction
North Tinaview, FL 55664",Y,hours
160,Stephen Johnson,271-76-2314,"9678 Lisa Fall
Bakerland, VI 74934",N,hours
161,Kirk Robinson,549-26-4598,"63695 Priscilla Corners
East Kevinbury, WA 33771",Y,miles
162,John Duncan,466-25-9145,"9401 Alexander Heights
Lake Nicole, VI 51957",N,miles
163,Darrell Ramos,423-79-3255,"754 Phillip Pike
Smithchester, AR 63458",N,miles
164,Mark Williams,135-89-2646,"USS Gould
FPO AA 40719",Y,miles
165,Lauren Taylor,559-17-4697,"3415 Desiree Circles
West Steven, SC 38937",Y,hours
166,Autumn Meadows,768-43-4468,"1343 Sue Turnpike
Joneshaven, WA 50207",Y,miles
167,Christopher Henderson,732-09-2680,"7248 Pratt Villages Apt. 058
Matthewview, NV 60036",Y,miles
168,Sherry Rios,558-95-1149,"2738 Richard Junctions Suite 060
South Ernest, WA 11867",Y,miles
169,Joshua Wiley,534-57-7229,"3890 Brown Station
North Scottshire, KS 59593",N,hours
170,Patricia Jackson,601-61-4994,"08727 Jared Loaf
Howardfort, OH 67516",N,miles
171,Natalie Murphy,585-76-1642,"6446 Rebecca Prairie
Port Christopher, VI 62375",Y,hours
172,Mark Jackson,259-85-8853,"Unit 6704 Box 0302
DPO AA 03034",Y,miles
173,Richard Clark,655-65-1889,"1332 Carl Stream Suite 963
Ruizport, WI 29613",N,hours
174,Daniel Smith,202-29-0562,"USNV Russell
FPO AE 24383",Y,miles
175,Kathy Allen,396-32-9359,"02265 William Summit Apt. 183
New Sarah, DC 89016",N,hours
176,Stephanie Burke,323-32-7580,"PSC 6322, Box 4787
APO AP 44497",Y,hours
177,Krystal Sims,885-79-4760,"7766 Arnold Meadows
North Annatown, ID 23139",N,hours
178,Haley Howell,885-30-3256,"66340 Alvin Junctions
Powellview, GU 11559",Y,miles
179,Bridget Ortiz,897-73-3203,"2065 Rodney Crossroad
Jessicaburgh, WA 66319",N,hours
180,Jesse Juarez,068-65-7239,"7742 Richard Fords Apt. 581
Lake Robertfurt, FL 03715",Y,hours
181,Caleb Chan,879-37-4986,"9514 Adams Estates
Donaldbury, HI 60531",Y,hours
182,Cindy Lopez,130-29-8830,"992 Whitney Villages
South Michael, RI 61262",N,miles
183,William Gonzales,866-16-0670,"667 Melvin Lodge Suite 260
East Sherryborough, GU 90037",Y,hours
184,Jeffrey Thomas,087-80-0604,"Unit 1387 Box 4048
DPO AA 47256",Y,miles
185,Michael Beltran,546-30-3316,"83907 Laura Groves
Muellerhaven, FL 29072",N,miles
186,Stacy Browning,196-57-2550,"996 Smith Causeway
Alvaradoberg, FL 41672",N,hours
187,Joshua Franklin,386-98-7119,"8379 Lopez Harbor Apt. 478
Christopherberg, GU 11757",Y,miles
188,Aaron Moore,735-12-0395,"387 Lydia Valley Apt. 044
Lake Erin, FM 30660",N,hours
189,Jacqueline Reyes,264-20-6677,"4656 Barry Road
Hillville, FM 68611",N,hours
190,Christina Swanson,488-41-8314,"37168 Pearson Well
Amberland, KY 21351",N,miles
191,Joel Morales,872-37-6419,"664 Wesley Brooks Apt. 907
West Jared, HI 46305",N,miles
192,Mr. David Nicholson DDS,105-74-3191,"312 Nicholas Field Suite 929
Port Brandon, FL 28799",Y,hours
193,Joseph Garcia,055-57-3733,"PSC 1488, Box 9112
APO AA 80177",N,hours
194,Pamela Marquez,405-50-8926,"857 Brown Point Suite 123
Samuelbury, MP 48318",Y,hours
195,Faith Torres,169-03-5227,"7031 Keith Views
Padillaville, MA 47044",Y,hours
196,Charles Grant,349-63-1536,"211 Alexandra Parkways Apt. 424
Lisaburgh, MI 09975",Y,hours
197,Jennifer Thompson,029-33-6670,"6204 Duke Neck
Perezstad, SC 58214",Y,miles
198,Carla Jennings,753-81-2465,"75881 Vanessa Fort Apt. 216
Lake Donna, PW 30954",N,hours
199,Joseph Anderson,138-32-0161,"USCGC Haynes
FPO AA 34290",Y,hours
200,Michaela Miller,011-41-2392,"926 Karen Burg Suite 887
Nancymouth, RI 16666",N,hours
201,Laura Webb,808-10-8745,"7332 Rachel Manor Apt. 806
North Davidchester, AZ 17418",N,miles
202,Kelli Trujillo,123-98-1366,"9969 Murillo Spring Apt. 487
East Paulachester, FL 42078",N,hours
203,Katherine Sanders,004-47-5921,"USCGC Shah
FPO AA 65820",N,miles
204,Kenneth Henderson,835-93-7124,"21356 Anthony Loop Suite 030
Lake Susanfurt, ID 11112",Y,hours
205,Sara Perkins,610-33-9773,"4354 Mary Walk Apt. 778
East Joshuashire, PA 24269",N,miles
206,William Brown,579-44-1026,"30932 Holder Walks
South Staceyfort, CT 76112",N,miles
207,Thomas Snyder,037-04-3766,"07565 Thompson Union
South Kellyside, NH 10632",N,miles
208,Madison Carey,199-16-7000,"3409 Wilson Summit
Annatown, VA 97731",Y,hours
209,Cynthia Wood,520-80-9286,"08762 Cassidy Well
Patriciaberg, MD 45945",Y,miles
210,Jennifer Johnson,357-18-6814,"0242 Angela Village
Port Mandyfort, NH 17941",Y,miles
211,George Johnson,518-45-8743,"2117 Jason Light Suite 035
Brittneymouth, KS 73839",N,hours
212,Lauren Patel,214-57-3749,"08921 Jonathan Garden Suite 192
North Ashleyshire, MD 17060",Y,miles
213,Sarah Williams,233-76-0451,"5952 Alexandra Crescent Suite 739
South Crystal, WV 01105",Y,hours
214,Cathy Hernandez,732-45-4721,"27512 Mosley Stream Apt. 924
Smithview, RI 74153",N,hours
215,Joshua Reynolds,424-26-9163,"26648 Miller Curve Apt. 864
South Susanburgh, NV 31933",N,hours
216,Drew Thompson,824-98-1664,"4134 Rebecca Gardens Suite 267
South Leon, PW 47333",Y,miles
217,Linda Sloan,476-80-4647,"569 Williams Overpass Suite 062
Timothyview, SD 12799",N,hours
218,Nicole Fox,326-61-7828,"8245 Hernandez Cliffs Apt. 631
East Jessica, PW 90681",Y,miles
219,Johnathan Schmidt,778-97-1344,"3434 Fletcher Pine
East Michaelfort, FM 75352",N,miles
220,Veronica White,794-86-0632,"Unit 4227 Box 7844
DPO AA 15971",Y,miles
221,Becky Hill,824-95-1436,"Unit 8198 Box 2254
DPO AP 10520",Y,miles
222,Robert Brooks,507-74-9828,"48816 Thompson Stravenue
New Sandrastad, MI 93040",Y,miles
223,Dr. Donna Turner,869-02-7090,"053 Morris Parkway
New Charlesfort, CT 87847",Y,miles
224,Charles Thomas,573-55-0990,"Unit 2073 Box 8472
DPO AA 38077",N,miles
225,Joshua Kelly,766-93-4207,"1641 Rachel Views Suite 094
Greenside, VI 36308",Y,hours
226,Jonathan Schroeder,352-60-3689,"54386 Wood Coves Apt. 762
Kimberlytown, AZ 67545",N,miles
227,Shane King,589-89-4521,"9133 Holmes Creek Apt. 137
Donnafort, VI 49803",N,hours
228,Tina Glass,531-40-5561,"501 Alison Lake
North Lindseyborough, ID 51644",Y,hours
229,Travis Williams,643-49-1657,"PSC 5390, Box 5002
APO AA 22570",N,miles
230,Heather Mason,164-64-3073,"564 Sparks Cliff
Kaufmanbury, RI 01418",N,hours
231,Angela Chandler,853-06-6752,"093 Melissa Pines Suite 775
East Anthony, NE 89422",N,hours
232,Aaron Love,871-82-4875,"96529 Parker Walk
West Johnchester, NM 05258",N,hours
233,Maureen Rose,661-15-6590,"349 Snow Orchard Apt. 333
Rogerburgh, TN 45951",Y,hours
234,Jennifer Mccarty,306-63-4388,"PSC 5239, Box 4434
APO AE 35011",Y,hours
235,Katherine Liu,239-59-0929,"116 Jason View Apt. 809
North Edward, NJ 68806",Y,hours
236,James Walter,165-87-6680,"Unit 3581 Box 3219
DPO AA 75034",N,miles
237,James Walker DDS,143-77-0737,"790 Vincent Extension
Port Benjaminside, DE 88771",Y,hours
238,Tiffany Rodriguez,007-72-4497,"8125 Warren Ville Suite 744
Gonzalezhaven, SC 81146",Y,miles
239,Tony Sparks,196-04-7242,"74538 Aaron Keys Suite 375
Morganside, OH 94164",N,miles
240,Jessica Calhoun,060-67-1951,"111 Estes Expressway Apt. 368
New Lisaborough, VI 65141",N,hours
241,Patrick Miller,352-71-0311,"608 Ellis Crescent Apt. 019
South Joditon, TN 76486",N,hours
242,Bryan Weiss,287-51-9381,"5377 James Green
North John, NM 87050",Y,hours
243,Clinton Contreras,208-59-8165,"106 Dale Burg Suite 680
New Christopherland, NC 55101",N,miles
244,James Ellis,124-17-2982,"736 Edward Green
North Lisa, MI 37074",N,miles
245,Susan Little,301-28-9624,"9036 Taylor Light
West Cindyborough, CT 50450",N,miles
246,Sandra Perez,231-87-0100,"1619 Kimberly Burg
West Angelabury, NM 56028",N,miles
247,Richard Romero,556-86-2097,"86316 Butler Lodge Apt. 253
Lake Nathanbury, NY 18707",Y,miles
248,Kyle Acosta,434-83-5547,"074 Michael Parks
Greeneberg, IA 56774",N,hours
249,Larry Cruz,735-02-9829,"099 Nicholas Oval
East Valerie, WY 38980",Y,hours
250,Frank Dawson,043-55-1101,"8094 Hendrix Lane Suite 404
Albertville, PR 76919",Y,miles
251,Dale Howard,632-49-1120,"95689 Barton Turnpike Apt. 188
Pamelaview, IA 56113",N,hours
252,Ashley Snyder,373-84-5719,"6843 Mcclure Field
Wesleyville, TN 71303",N,miles
253,Rita Miller,684-41-5022,"8954 Rebecca Highway
Reevesfort, KS 50683",Y,miles
254,Megan Sandoval,376-23-6438,"5629 Pruitt Points Apt. 617
Patelstad, MT 38549",Y,miles
255,Danielle English,753-78-4389,"7202 Ashley Flats Apt. 777
South Jeffery, AR 68132",Y,miles
256,Jason Robinson,379-64-5243,"230 Diaz Plaza
South Sandra, AK 12212",Y,hours
257,Julia Arias,300-94-5273,"6952 Scott Parks
Port Jeffbury, GA 59936",Y,miles
258,Jasmine Cross,756-45-7907,"Unit 3088 Box 7533
DPO AE 77584",N,miles
259,Danny Fletcher,145-49-6685,"USNS White
FPO AA 63119",N,miles
260,Douglas Baker,774-01-9459,"61430 Pratt Port Apt. 030
Patrickview, KS 68342",Y,miles
261,Jill Chase,263-94-1772,"8276 Gordon Ways
North Chelsealand, IL 11157",N,miles
262,Jonathan Yates,153-25-9597,"12459 Heidi Rapid Apt. 874
North Danielleview, CO 93683",Y,miles
263,John Smith,821-80-1177,"20929 Dillon Prairie Apt. 963
Fuentesview, LA 91584",N,miles
264,Jermaine Mays,899-36-9467,"897 Jones Lane Suite 267
Nixonmouth, NC 58822",N,hours
265,Courtney Snow,009-81-8854,"4223 Guzman Knolls Suite 196
Jessicaton, LA 87239",N,miles
266,Amanda Johnson,050-28-2387,"68700 Woods Spur Apt. 320
North Richardchester, MT 97379",Y,miles
267,Jose Guerrero,251-70-7736,"91208 Wiley Points
East Stacy, GU 41799",Y,miles
268,Chad Carter,041-45-2258,"2549 Baker Cove Suite 257
Joshuaton, FL 77096",Y,hours
269,Gregory Daniels,793-56-1822,"30386 Adams Ways Apt. 716
South Brandi, VI 73727",N,hours
270,Keith Martinez,587-54-9887,"23194 Sanchez Expressway
Nathanbury, AZ 52084",Y,hours
271,Ashley Rhodes,208-88-8012,"587 Catherine Corners Apt. 246
Joseborough, KS 75819",Y,hours
272,Mercedes Young,481-87-5765,"96200 Justin Rue Suite 704
Danastad, CA 54086",Y,hours
273,Daniel Morrison,206-64-0443,"89623 James Island Suite 295
Smithchester, ID 46828",Y,hours
274,Anthony Smith,064-70-0301,"USS Thomas
FPO AA 96834",Y,hours
275,Juan Hawkins,259-73-0765,"60448 Krystal Mountain Apt. 911
Jeanneberg, PW 79594",Y,hours
276,Emily Woods,781-64-2525,"4742 Joyce Ferry Apt. 425
Blackshire, CT 87540",N,hours
277,Kenneth Henry,468-79-5007,"87263 Ashley Lock
Lake Sarah, RI 52859",N,hours
278,Mark Bruce,885-30-9559,"18775 Davidson Locks Suite 762
Matthewstad, NE 28955",N,hours
279,Angel Sanchez,674-69-5354,"2909 Morrow Causeway Apt. 650
South Stephanieside, KS 90202",Y,miles
280,Daniel Ayala,210-49-9590,"8749 Kaitlin Estate
Amybury, GU 47841",Y,miles
281,Ruben Smith,560-44-6431,"668 Christopher Dale Apt. 824
North Kara, MS 97401",N,hours
282,Brandy Reed,509-41-0026,"20265 Alex Islands Apt. 801
Karenfurt, MH 97214",N,miles
283,Richard Lopez,797-47-4415,"24330 Angela Gardens Suite 183
Port Chadville, TN 33937",N,hours
284,John Benton,759-31-0840,"4668 Delgado Hollow
South Dean, WI 79130",Y,hours
285,Dana Mendez,805-90-0412,"98197 York Rapids Suite 413
North Andreachester, SD 32076",Y,hours
286,Alejandro Escobar,892-45-3769,"5252 Ryan Row Apt. 002
New Vanessaview, PR 80467",Y,miles
287,Crystal Perez,840-42-2292,"40391 Todd Spring Apt. 296
Millerbury, PA 47423",Y,hours
288,Linda Alexander,034-75-5053,"1723 Shane Vista
Christinemouth, ID 23733",N,miles
289,Savannah Lee,280-46-9381,"26600 Jenkins Rapid Apt. 118
East Christinebury, TN 78374",N,miles
290,Lauren Sullivan,501-25-0652,"419 Marie Curve
Herrerafort, OH 42983",Y,miles
291,Dana Martin,508-77-2038,"704 Eddie Inlet
North David, AZ 61883",Y,miles
292,Randall Ford,778-81-4155,"Unit 1713 Box 9867
DPO AP 98627",N,miles
293,Connie Miller,586-32-4103,"0839 Moreno Loop Apt. 879
Lake Jeffrey, MN 00752",Y,miles
294,Henry Roberts,329-31-8842,"661 Perry Lakes
New Justin, NM 37343",Y,miles
295,Valerie Mcconnell,188-53-9688,"21951 Cooper Glens Suite 839
Zavalaside, MH 10026",Y,hours
296,Alicia Shah,218-81-2823,"3173 Courtney Bypass Suite 309
Wilsonview, GA 62926",Y,hours
297,Jacob Townsend,436-86-8569,"70535 Berg Walks
North Kathleenton, WA 05851",Y,miles
298,Vincent Orr,355-39-0348,"183 Moran Flats Apt. 779
Port Tammy, AS 34670",Y,hours
299,Veronica Johnson,865-75-0614,"08350 Clark Junction Suite 924
Kerryview, MT 77632",N,miles
300,David Moore,563-59-0752,"01000 Michaela Mountain
East Seanstad, GU 54173",N,hours
301,Linda Riley,755-73-3468,"94994 Pope Lake Suite 283
North Ralphfort, RI 64449",Y,hours
302,Kayla Mcfarland,033-75-2413,"528 Schwartz Tunnel Apt. 743
Johnport, PA 04570",N,miles
303,Vincent Jenkins,558-82-7313,"85156 Gutierrez Roads
Amytown, MT 94145",Y,hours
304,Joseph Morgan,784-72-2269,"05347 Casey Extensions
Stevenbury, PW 09971",N,hours
305,Emma Thomas,432-42-7306,"12408 Melissa Trafficway
Saundersfort, MT 61361",Y,hours
306,Sean Martin,201-28-4184,"USCGC Zamora
FPO AE 42725",N,miles
307,Traci Garcia,749-96-8081,"254 Michelle Bridge
Allenchester, MO 04717",N,miles
308,Debra Russell,176-62-5039,"71235 Megan Ville
West Karenhaven, SD 82321",N,miles
309,Christopher Coleman,635-47-5643,"93715 Baker Street
Mariemouth, OK 99938",N,hours
310,Eric Harper,886-62-9524,"469 Martinez Inlet Suite 212
Anthonyborough, AR 32261",N,hours
311,Joseph Ayala,644-61-2968,"95629 Garcia Crossroad Suite 035
West Sean, NM 87878",N,miles
312,Alicia Robinson,406-20-3620,"4759 Reyes Brooks Suite 694
East Josephfort, PW 75405",N,hours
313,David Buchanan,385-47-7420,"478 Kendra Spur Suite 504
Walterschester, IA 76649",Y,hours
314,Maria Owens,787-54-2151,"8613 Huff Points Suite 121
North Harrytown, TN 26172",N,miles
315,Julia Hicks,734-16-7164,"829 Wilkerson Squares Suite 663
Port Sydney, NY 74814",N,hours
316,Lisa Ho,816-80-5293,"4886 Lee Plain Apt. 614
New Amanda, NJ 19928",Y,miles
317,Michelle Zamora,785-66-8240,"910 Colleen Mount Suite 261
Leetown, VT 13457",N,miles
318,Chelsea Gonzales,656-20-5731,"432 James Meadow Apt. 151
North Lori, MS 46542",Y,miles
319,Holly Campos,521-08-8277,"90976 Martinez Street Suite 073
Port Christopherton, OK 72559",Y,hours
320,Anne Miller DDS,557-14-4569,"0002 Gray Trail Apt. 666
Port James, NY 37610",N,hours
321,Julie Diaz,712-66-6100,"23313 Yates Inlet
South Robert, PR 32412",Y,miles
322,Mario Armstrong,589-06-6182,"30203 Wilson Orchard
Combsbury, OR 65495",Y,miles
323,Krystal Brown,736-28-5942,"7681 Rachael Knoll
Duncanside, IL 66105",Y,hours
324,Vincent Clark,122-62-4008,"4595 Medina Parks Apt. 979
Stewartton, ME 11526",Y,hours
325,Amy Turner,474-47-0965,"026 Sanchez Ridge Suite 599
Port Michelle, MP 11687",N,hours
326,John Griffin,043-59-5475,"82985 Christopher Walk Suite 465
Velazquezmouth, AL 37084",Y,hours
327,Gabriel Ruiz,835-48-7951,"31000 Christine Estates
East Stephaniefort, RI 29329",N,hours
328,Stephanie Lucas,221-09-4965,"8302 Jackson Mills
Port Patrickfurt, NC 78071",N,hours
329,Amy Howard,434-55-8993,"336 Michael Trafficway
New Terry, NM 81055",Y,hours
330,Elizabeth Foster,166-92-9686,"757 Bird Pines Apt. 448
East Kevinland, MD 48247",N,hours
331,Donna Moore,268-85-1302,"1049 Johnson Neck
Josephstad, FL 34726",N,hours
332,Patrick Curtis,495-38-6463,"3670 Ryan Dale
Robertomouth, RI 52526",N,miles
333,Sabrina Sanford,162-63-3001,"84183 Molina Radial
West Yvonne, WA 47742",Y,miles
334,Heather Garcia,598-07-2739,"06799 Jeremy Prairie
New Charles, ME 41951",N,hours
335,Melissa Cuevas,560-56-2004,"584 Robert Ridges
Steelehaven, RI 03681",Y,hours
336,Ryan Green,050-20-9023,"9567 Nicholson Mountain Apt. 100
Barrstad, IA 11208",N,hours
337,Robert Garcia,133-67-7931,"1661 Lawson Lights Suite 433
New Toddton, AZ 66811",N,miles
338,Jeanette Jefferson,603-28-3620,"Unit 1970 Box 6406
DPO AE 27398",N,miles
339,Meagan Cowan,157-21-0103,"3058 Barnes Gateway Suite 415
East Wesleymouth, MA 14513",Y,hours
340,Bryan Ruiz,653-34-8723,"40555 Meyer Pines
Esparzaside, WY 69956",Y,hours
341,Brittney Gregory,390-38-4310,"61432 Mathis Shore Apt. 403
Owensborough, RI 08981",Y,hours
342,Michael Stevens,733-23-6463,"16106 Johnson Road
Davisland, NC 13759",N,miles
343,Jacob King,433-89-5115,"084 Jones Loop
East Elizabethstad, ND 07736",N,miles
344,Jordan Morales DVM,372-18-4322,"8030 Jody Rest Suite 279
Monicaport, WY 63162",N,miles
345,Sergio Bailey,041-87-2121,"06280 Nicholson Lodge
Tranbury, WY 93979",N,hours
346,Wesley Gallagher,365-52-3888,"4495 Kristen Lakes Suite 763
Glennbury, WV 47041",N,miles
347,Jeffrey Ferguson,196-20-6060,"232 Callahan Groves Apt. 675
Brianville, MS 87364",N,hours
348,Veronica Galvan,060-97-4097,"002 Taylor View
Matthewborough, NJ 41316",N,hours
349,Steven Savage,732-34-5988,"638 Matthews Freeway
Dominicmouth, PR 11848",N,miles
350,Joe Smith,057-29-3337,"901 John Cape
New James, NE 15303",Y,hours
351,Kelly Abbott,056-97-8110,"95813 Melanie Junctions
New Justinshire, VT 80417",Y,hours
352,Bethany Owens,554-37-0748,"31654 Gonzalez Mountain
Elizabethborough, ID 31155",Y,miles
353,Julie Sharp,206-46-0758,"44955 Acevedo Shoal Apt. 494
Margaretfurt, WY 16099",N,miles
354,Jade Thompson,851-28-0698,"7019 Hopkins Port
Karenshire, WI 64796",N,miles
355,Antonio Andrews,838-80-2172,"706 Turner Shore
East Terranceborough, OR 41277",Y,miles
356,Ashley Byrd,802-70-3104,"7731 Frazier Mews
New Lee, UT 03716",N,miles
357,Ralph Williams,116-55-8673,"263 Albert Trail Apt. 217
Jordanport, VA 47437",Y,miles
358,Jason Smith,337-40-1048,"Unit 0237 Box 0942
DPO AP 18472",Y,hours
359,Scott Graham,086-70-0437,"7682 Brandy Court Suite 184
Michaelport, RI 67451",N,hours
360,Tracie Reyes,255-82-9474,"Unit 8175 Box 4955
DPO AA 56763",Y,miles
361,Randy Tucker,781-77-8056,"Unit 6160 Box 4652
DPO AA 91044",N,hours
362,Mark Johnson,793-95-2915,"03687 Courtney Manor
Daltonshire, HI 98064",Y,miles
363,Daniel Smith,644-72-4289,"Unit 7386 Box 7067
DPO AA 45258",N,miles
364,Jonathan Martin,493-34-9443,"934 George Flats Suite 584
New Sarahmouth, NY 98298",Y,miles
365,Carmen Patterson,396-69-0169,"019 Tina Crossing
North Amberville, ND 29947",Y,miles
366,Michael Shelton,686-30-3033,"361 Kelly Path Suite 302
Hawkinsberg, TN 79938",Y,miles
367,Tracey Williams,614-99-6168,"89173 Smith Creek Apt. 075
East Christine, NV 82254",Y,miles
368,Shaun Anderson,596-18-4902,"40919 Wilson Forest Apt. 655
North Devin, SD 27429",Y,miles
369,Rebecca Morgan,107-36-6969,"2242 Stevens Courts
Markside, OR 04517",Y,miles
370,Joshua Bradley,549-24-3877,"46726 Edward Camp
New Bailey, NV 60606",N,miles
371,Ian Stokes,392-27-3713,"Unit 3010 Box 9142
DPO AP 67780",Y,hours
372,Cory Price,121-60-9638,"3051 Brandt Villages Apt. 993
Alecport, AZ 30925",Y,hours
373,Brandon Chambers,540-31-4205,"3547 Dana Loop Suite 868
Ronaldtown, NH 93157",Y,miles
374,Christopher Collins,539-90-5878,"4425 Hughes Harbor Suite 819
Juliehaven, CA 09257",N,hours
375,Jeffrey Carney,733-50-0646,"48459 Kline Oval Apt. 287
New Lisaville, TN 84314",N,miles
376,Sydney Brown,097-81-7139,"Unit 4768 Box 8294
DPO AP 31025",Y,miles
377,Jeffery Lewis,149-42-9948,"67838 Joann Light Apt. 440
Port Nathaniel, AL 34719",Y,miles
378,Joseph Brewer,202-70-8962,"39176 Turner Stravenue
North Brian, NV 66151",N,hours
379,Sarah Ortiz,017-97-5444,"244 George Street Apt. 044
South Ashley, WY 33499",N,hours
380,Theresa Hart,830-84-8799,"6877 Bradley Plaza
Riddleberg, MN 19102",N,miles
381,Richard Carter,169-03-0776,"696 Salazar Field
Brownport, CA 64020",Y,miles
382,Anthony Hanna,159-16-7054,"065 Mark Drives
North Michellebury, ME 83135",N,miles
383,Sophia Murphy,098-56-4496,"715 Collins Curve
Yatestown, NJ 63458",N,miles
384,Randall Scott,796-41-5899,"592 Ferguson Stream
West Matthew, RI 51526",N,hours
385,Jessica Rose,755-36-1045,"88844 Miller Loaf
North Susanstad, NY 71813",N,hours
386,James Coffey,172-75-3447,"1567 Amy Shores
Kimberlychester, MO 65516",Y,hours
387,George Rice,333-72-7581,"542 Jacobs Ridges
Hodgeton, PA 00868",N,miles
388,Jennifer Knight,420-54-3555,"Unit 4398 Box 8753
DPO AP 52112",Y,miles
389,Martha Harris,164-92-2444,"302 Tami Dam
West Christinahaven, NM 59979",N,miles
390,Michael Chase,167-49-2336,"94170 Chan Coves
New Heidibury, IN 15926",Y,hours
391,Andrew Wilson,072-56-6801,"827 William Drives
Delgadoview, MH 43835",N,miles
392,Lisa Green,549-58-0156,"3815 Rice Hollow
Ashleytown, WY 43297",Y,miles
393,Tracy Sandoval,265-44-6618,"066 David Course
East Randall, AZ 53666",Y,miles
394,Jason Osborn,549-09-3443,"USNS Ward
FPO AA 21247",N,miles
395,Debbie Edwards,401-29-1151,"2107 Jeremy Turnpike
East Laurenburgh, CO 21649",Y,miles
396,Teresa Diaz,778-90-0196,"480 Jeffrey Circles
Greenfort, FM 37061",Y,miles
397,Mark Ferguson,875-71-2226,"3186 Richards Lodge
Bradleymouth, NE 99447",N,miles
398,Abigail Evans,547-30-4190,"Unit 9879 Box 8625
DPO AE 77809",Y,miles
399,Jack Arnold,363-02-2613,"253 May Views
Robertview, OR 14554",N,miles
400,Zachary Richardson,410-86-5986,"671 Buckley Track Suite 273
Lestad, NH 74790",Y,miles
401,Jennifer Taylor,563-62-2814,"4733 Damon Branch Suite 084
Bowenside, GA 88814",N,hours
402,Keith Prince,874-98-8109,"48695 Atkins Flat
Matthewchester, PA 99001",N,hours
403,Joseph Johnson,707-04-2530,"5854 Ramsey Fords
Jonesfort, IL 20727",Y,miles
404,Yvonne Thompson,118-38-3925,"0824 Abigail Hill Apt. 050
Lake Jayfort, MA 86605",N,hours
405,Joshua Cooper,658-65-5255,"626 David Circles
South Stephaniefort, AR 91850",Y,hours
406,Robert Horton,657-16-0278,"409 Benton Shores
Justinchester, TX 46813",Y,miles
407,Steven Boone,672-74-8443,"6033 Schmitt Circle
Christopherberg, UT 32834",N,hours
408,Tyler Herman DDS,769-36-8388,"45003 Wilson Place Suite 734
Lanefurt, PR 34332",N,miles
409,Katie Byrd,021-84-3823,"3617 Mcdonald Dale
West Lisa, TN 43024",Y,miles
410,Jessica Pineda,722-81-4660,"5144 Mack Squares Apt. 895
Millerton, WY 98611",Y,miles
411,Victoria Davis,555-10-5554,"980 Moody Mountains
Hessland, ME 77412",Y,hours
412,Meredith Burke,394-50-7658,"955 Chad Stravenue Apt. 045
New Christian, LA 35823",Y,miles
413,Stephanie Leonard,436-82-1835,"97410 Evans Circle
Lake Caitlyn, DC 12715",Y,miles
414,Caroline Fletcher,651-28-3127,"PSC 8811, Box 4275
APO AE 94393",N,hours
415,Christian Daniels,429-50-1270,"607 Lambert Isle
North Carmen, CO 26931",N,miles
416,Jermaine Wood,158-21-1357,"244 Vasquez Lake Apt. 026
North Geoffreymouth, TX 38691",N,miles
417,Brandon Ramirez,131-52-3851,"0433 Sanders Corner
Jeremychester, MO 75092",N,hours
418,Timothy Smith,251-86-4832,"Unit 8855 Box 9387
DPO AE 67738",N,miles
419,Christine Peterson,892-45-5595,"PSC 1403, Box 1509
APO AP 14144",Y,miles
420,Theresa Flores,454-37-7375,"0999 Charles Center
Joshuaview, FM 07845",Y,miles
421,Shawn Payne,762-21-5968,"58391 Conrad Gardens
Abbottbury, MD 65188",Y,hours
422,Lawrence Hanna,876-75-4839,"PSC 1917, Box 8011
APO AE 23779",Y,hours
423,Dawn Jackson,531-49-5867,"2996 Kimberly Spring Apt. 328
Lindseyhaven, NH 42778",N,miles
424,Natalie Williams,475-30-8431,"0917 Richard Club
Warnerbury, NM 96352",N,hours
425,Sarah Hill,704-64-4052,"4246 Dalton Springs Apt. 605
Marthaton, MO 24905",N,miles
426,Kelly Peterson,047-12-8446,"213 Brennan Key
West Wandaville, IL 86131",N,miles
427,Elizabeth Branch,835-92-5299,"56294 Davis Burg
North Michael, AS 33824",N,hours
428,Laurie Lee,824-39-3638,"0731 Justin Locks Suite 759
South Denise, NC 03044",Y,miles
429,Steven Chan,200-45-0251,"642 Jennifer River Apt. 098
West Timothy, KS 50966",N,hours
430,Wesley Padilla,420-39-4567,"6071 David Stravenue
Lake Matthewhaven, WY 42228",N,miles
431,Michael Green,026-07-4197,"614 Young Drives Apt. 552
Elizabethview, ME 34775",N,hours
432,Stephen Pearson,879-64-1673,"5829 Stephanie Route Suite 528
North Rachelhaven, AL 86305",Y,hours
433,Christina Nelson,476-89-9915,"7089 Katrina Mountains
West Josephshire, WV 86103",Y,miles
434,Brett Little,661-62-2688,"7521 Cheryl Orchard
Maymouth, MP 73808",N,hours
435,Michelle Williams,348-47-2082,"645 Brown Knoll Suite 511
Jonesburgh, FL 44129",N,miles
436,Zachary Soto,209-77-2527,"139 Peter Spur
Port Steven, SD 92859",Y,hours
437,Kyle Barton,067-77-9876,"296 Garner Common
Sarahport, AK 23612",N,miles
438,Lisa Gross,076-01-6683,"16055 Denise Ramp
Watsonchester, MA 09714",Y,hours
439,Brittany Harvey,601-92-2086,"41883 Andrea Mill
Kennethland, NE 46847",Y,miles
440,Gabriel Ferrell,220-13-7845,"7683 Jennifer Rest
West Lindaburgh, HI 47050",Y,miles
441,Gavin Adams,752-94-6170,"6255 Aaron Shore Suite 267
South Jacqueline, NJ 43717",N,miles
442,Lisa Carr,372-44-0114,"4255 Chase Square Apt. 869
Jacobsport, KS 31102",N,miles
443,Christine Brown,847-51-6764,"5940 Bowen Wells Suite 413
Lake Candicestad, CO 92858",Y,miles
444,Amanda Roberts,277-28-6450,"USS Hunt
FPO AE 06810",Y,hours
445,Julie Moreno,262-27-5454,"PSC 3701, Box 8652
APO AA 87584",Y,miles
446,Robert Jarvis,360-38-3337,"USCGC Garcia
FPO AA 12450",Y,hours
447,Sharon Donaldson,722-95-1109,"20999 Wilson Glen
Markborough, NC 23661",Y,hours
448,Donald Newman,896-83-8915,"Unit 8158 Box 4671
DPO AA 10056",Y,miles
449,Jack Brown,278-99-5192,"PSC 5786, Box 3868
APO AP 73104",N,miles
450,Andrea Parker,794-97-3298,"971 Kyle Lake
South Markfurt, TN 20201",N,hours
451,Jon Wood,882-06-4201,"57208 Morrison Summit Apt. 881
Annamouth, NM 19579",Y,miles
452,Julie Wells,692-49-8336,"155 Jones Neck Apt. 664
East William, WY 20507",N,hours
453,Brandon Lowe,005-93-3085,"47829 Davis Harbors
New Emilymouth, IN 38340",Y,miles
454,Michael Farrell,221-87-6422,"224 Sheri Common
New Beckyfurt, SD 36366",Y,hours
455,Nancy Cline,512-58-9128,"166 Miller Pike Apt. 998
North Sandraville, VI 39122",Y,hours
456,Daniel Franklin,815-19-6802,"933 Baldwin Land Apt. 958
Lake Michellemouth, IN 90028",Y,hours
457,Michael Williams,159-30-3939,"25213 Campos Ports
Kevinburgh, HI 47230",Y,hours
458,Nicole Hall,577-03-7701,"525 Alexander Parkways
Jennatown, TX 36861",Y,miles
459,Michele Chapman,542-28-4919,"Unit 2348 Box 9654
DPO AE 34409",N,miles
460,Brittany Kim,527-01-4965,"59242 Hernandez Path
New Kristin, CO 45821",Y,hours
461,Jacqueline Wilson,675-64-7660,"0151 William Rue
Lake Lucas, OK 42978",N,miles
462,Jose Bauer,099-39-3611,"383 Garcia Gateway Suite 036
Phillipview, IN 14755",Y,hours
463,Michelle Brock,296-28-1321,"32212 Miller Groves
Amandaview, GU 58506",Y,miles
464,John Spencer,019-17-7278,"PSC 5819, Box 5859
APO AA 19131",N,hours
465,Nicholas Bass,896-79-2206,"479 Mccall Walk
Andrewsport, NH 45362",N,miles
466,Mario Oneill,146-83-8590,"0085 Miller Course
Lake Trevorchester, HI 26601",Y,miles
467,Meghan Bishop,416-97-1091,"54523 Fitzgerald View
East Christophermouth, NY 01760",Y,hours
468,Shannon Jackson,823-76-1317,"054 Thomas Parkway
East Austinborough, VI 04869",N,miles
469,Andrew Allen,303-27-6899,"8490 Connie Lakes
Johnston, FM 60111",Y,hours
470,Lisa Caldwell,167-04-5397,"31278 Jesus Streets Apt. 331
New Theresa, VI 78180",Y,hours
471,April Olson,836-58-3922,"17201 Meyer Ramp
Davidtown, DE 76694",N,hours
472,Julia Rivera,689-70-7509,"5125 Wilcox Inlet Suite 626
Lisamouth, SD 87757",Y,miles
473,William Osborn,188-53-3558,"1106 Joseph Fork Suite 364
Andreafurt, KY 65385",Y,miles
474,Patrick Matthews,589-86-7161,"057 Patrick Inlet
Jamesland, ME 59068",Y,hours
475,Brittany Lopez,835-91-8823,"84061 Turner Freeway
West Jamesmouth, CT 74576",N,miles
476,Sarah Turner,706-40-2771,"5786 Gloria Courts Suite 740
North Regina, AZ 33462",N,miles
477,Teresa Lee,141-67-3126,"137 Susan Lights Suite 092
North Chadtown, WV 51427",Y,miles
478,Allen Reynolds,760-21-8358,"87373 Gomez Loaf Suite 713
Jennyport, IL 12618",Y,miles
479,Jeremy Miller,708-55-6062,"7933 Rice Underpass Suite 771
New Jillian, IN 22805",Y,hours
480,Corey Jacobs,112-13-9040,"32691 Rivera Plains
Thomasside, MD 64227",Y,miles
481,Willie Griffin,395-92-7551,"733 David Village Suite 175
South Bonnieberg, MO 79315",Y,hours
482,Jessica Daniel,294-41-4831,"250 Patrick Stravenue
West Ethanmouth, KS 28441",Y,miles
483,Nicholas Lindsey,671-94-7574,"851 Williams Meadow Suite 140
West Margaret, PW 25776",Y,hours
484,Rick Hunter,513-90-0800,"3847 Richard Cliff Apt. 129
Lake Joseph, PW 87584",N,miles
485,Kimberly Martin,145-68-3828,"Unit 7178 Box 6655
DPO AE 10454",Y,miles
486,Christopher Perez,058-82-1100,"0962 Sanchez Roads
Port Melissaside, OH 61022",Y,hours
487,Joshua Carrillo,337-24-0145,"76397 Steve Mountains
Port Matthewstad, HI 08135",N,hours
488,Matthew Bruce,313-64-0266,"505 Richardson Forge
Brianfort, WA 40320",N,hours
489,Adam Brown,568-37-9436,"3680 Christine Expressway Apt. 619
South Charlesfurt, PR 26688",Y,hours
490,Denise Vazquez,357-53-9838,"230 Valdez Drive
Harrisport, ME 67856",N,miles
491,Tiffany Torres,352-93-2066,"55799 Wyatt Cape
Carlsonstad, AZ 12010",Y,hours
492,Michelle Moreno,397-32-4364,"3446 Stacey Hill
Jefferyfort, CO 48922",N,hours
493,Mr. Benjamin Williams,208-97-7260,"656 Antonio Lodge
Mcconnellton, FM 16622",Y,hours
494,David Gray,077-51-7597,"34973 Austin Terrace
Port Nicole, KY 42702",Y,hours
495,Michael Yoder,753-23-5271,"54468 Brian Ports Suite 105
Ryanberg, MN 09907",Y,miles
496,Austin Valdez,495-72-0430,"4188 Phyllis Loaf Apt. 021
East Anthony, IN 26063",N,hours
497,Thomas Lambert,170-42-6656,"6494 Karen Pines Suite 792
Jeromeview, RI 30921",N,hours
498,Michael Cruz,735-08-7975,"699 Jennifer Junction Apt. 047
Lake Emilytown, MS 63518",N,hours
499,Brittany Buchanan,454-85-0140,"41475 Christina Lane Apt. 802
West Maryfurt, NH 27085",N,miles
500,Johnathan Roberson,419-38-5951,"45123 Katie Mountain Apt. 632
West Sarafurt, MN 08532",N,miles
501,Charles Lee,761-09-7671,"003 Sean Causeway Apt. 186
Travisberg, IL 13685",N,miles
502,Colin Mendez,502-46-4853,"USNV Rose
FPO AE 14460",N,miles
503,Robert Wallace,770-26-5649,"99282 Myers Heights
Lake Patricktown, NY 24036",N,hours
504,Kyle Long,069-88-8815,"5768 Jacqueline Lodge Apt. 102
Lake Craigborough, MP 03901",Y,hours
505,Michael Harrison,171-62-7879,"602 Joseph Shore Suite 459
Chavezland, FM 05625",N,hours
506,Julie Benson,498-38-2152,"Unit 9365 Box 5969
DPO AP 11904",Y,miles
507,Andrea Lamb,500-97-9393,"35910 Stanley Mission
Lake Gary, WY 24259",N,miles
508,Jamie Perez,748-23-9767,"990 Hall Roads
West William, MP 89321",Y,hours
509,Daniel Johnson,448-19-3396,"Unit 4155 Box 4246
DPO AE 13462",N,miles
510,Ebony Ingram,558-50-2806,"Unit 7383 Box 7250
DPO AA 87752",Y,hours
511,Natalie Johnson,557-98-8588,"138 Vargas Shoal
Montesstad, NE 15962",Y,miles
512,Timothy Barnett,445-08-0794,"682 Jenna Mall
Port Julie, OR 91419",N,hours
513,Christina Gonzalez,675-14-2985,"USNV Reed
FPO AE 56746",N,miles
514,Monica Hunt,825-95-4987,"84398 Carla Spur Apt. 467
Lake Kathrynhaven, IN 02571",Y,miles
515,Teresa Woods,601-75-5971,"7247 Bruce Track
East Aaronchester, ND 92146",Y,hours
516,Jill Garcia,334-81-4842,"15711 Chase Ranch Apt. 436
New Daniel, MN 91490",Y,hours
517,Tina Mcmahon,412-63-5986,"470 Michelle Route
Coreyberg, AL 37840",N,miles
518,Barbara Mack,521-55-7987,"1955 Chelsea Skyway
South Dustinbury, MS 82697",Y,hours
519,Jennifer Cain,321-93-3726,"967 Johnny Village
Lake Briana, VA 53382",N,hours
520,Kurt Johnson,833-33-3226,"2512 Erik Loaf Suite 670
Lucerochester, HI 26015",N,miles
521,Patrick Page,143-27-9356,"45479 Ross Extensions Suite 806
Cliffordburgh, TN 89383",Y,miles
522,Jacob Foster,509-78-4827,"Unit 9519 Box 2317
DPO AE 62316",N,hours
523,Ashley Frost,050-13-6652,"34372 Tanner Oval
Loriport, PW 94606",N,hours
524,Angela Berg,479-67-7484,"9118 Wilkerson Crescent Apt. 366
Penningtonport, TN 69016",N,hours
525,Arthur Boone,025-20-7866,"PSC 1145, Box 9901
APO AA 15734",N,miles
526,Cheryl Patterson DVM,050-12-3744,"906 Christopher Keys Suite 148
South Anthonyshire, LA 94267",N,miles
527,Anthony Gonzales,372-47-5986,"37324 Jon Village Suite 682
Susanchester, MN 12418",N,miles
528,Timothy Robinson,802-11-2052,"19104 Thomas Station
South Phillipview, ID 85592",Y,hours
529,Danny Serrano,185-15-1128,"7644 Troy Freeway
Port Davidville, OR 35579",Y,hours
530,Joseph Torres,292-96-0081,"1508 Rivera Junction Suite 632
Jeffreymouth, AR 75522",Y,miles
531,Bethany Schultz,439-26-5822,"Unit 6159 Box 4865
DPO AA 42809",N,hours
532,Jessica Collins,226-05-7632,"USNS Cole
FPO AA 46768",N,miles
533,Tony Lopez,789-75-2191,"23251 Bird Turnpike
West Tyler, WI 20719",Y,miles
534,Samantha Jackson,068-57-5572,"2529 Mclean Way
Ianmouth, IN 38634",N,miles
535,Gregory Anderson,713-92-8902,"4812 David Corner Apt. 579
New Joseph, GU 20040",Y,miles
536,Erica Beck,123-21-2546,"96695 Stark Rue
Brownberg, MD 54413",N,hours
537,Linda Miranda,819-80-5893,"848 Schmidt Flats Apt. 793
East Karl, HI 09562",Y,miles
538,Brian Conner,141-50-8415,"777 Ortiz Neck
Christopherchester, SC 59547",N,miles
539,Tricia Williams,383-05-8760,"6623 Lori Island Apt. 679
Cainhaven, KY 37969",N,miles
540,Sarah Hurst,831-93-3178,"28109 Newman Motorway Apt. 071
Thompsonshire, TX 99648",Y,hours
541,Brittany Young,552-37-8045,"USS Martinez
FPO AE 54686",Y,hours
542,Cody Roberts,191-17-1668,"USS Mccarthy
FPO AP 05700",Y,miles
543,Elizabeth Peterson,849-63-6650,"59513 Carlson Lock
Ronaldtown, IA 80570",Y,miles
544,Rebecca Murray,388-16-0640,"020 Payne Hollow Suite 743
New Kellifort, MO 19254",N,miles
545,Rhonda Hoffman,247-49-4111,"834 Peters Common Suite 560
Craigside, NC 42360",Y,hours
546,Katherine Jackson,645-69-4195,"01717 Beck Overpass Apt. 180
North Aaron, DE 84686",Y,miles
547,Melissa Simpson,336-89-1879,"PSC 5683, Box 9877
APO AA 46962",Y,miles
548,Jennifer Garcia,638-85-6609,"802 Stephanie Port
South Victoria, LA 35799",Y,hours
549,Roger Wright,372-71-2982,"66863 Crawford Spur Suite 459
West Richard, MO 42155",Y,miles
550,Jeffrey Barber,743-30-3943,"606 Willis Forge
Port Steven, GA 24894",Y,hours
551,Emma Mathis,367-69-9419,"99108 Michael Meadow
Robertsshire, LA 48394",N,hours
552,Alicia Khan,045-29-4277,"5113 Danny Neck Suite 399
Janetborough, MP 35348",Y,miles
553,Roberta Moore,357-95-0959,"86321 Carrie River
Spencerville, CA 89789",Y,hours
554,Mrs. Catherine Perry,023-94-8744,"656 Joshua Pike
Fitzgeraldchester, NM 46024",Y,hours
555,Nicole Russell,140-22-8974,"Unit 4641 Box 0403
DPO AE 04876",N,hours
556,Christopher Mcguire,776-87-8060,"160 Sandra Ranch
Janechester, SD 64553",N,hours
557,Katie Drake,495-05-7649,"68577 Ford Ramp Suite 367
Lake Masonburgh, WI 80956",Y,hours
558,Vanessa Skinner,630-43-8291,"82624 Morgan Spurs
Deniseburgh, KS 48518",Y,hours
559,Billy Johnson,418-69-3903,"1077 Pruitt Manors
Marymouth, WA 11262",Y,miles
560,Neil Smith,210-41-8213,"218 Aguirre Prairie
Holtfort, DE 89909",N,miles
561,Jonathan Wiley,248-83-2814,"USNS Rosario
FPO AA 90546",Y,hours
562,Matthew Palmer,404-63-4379,"157 Moore Spur
South Daniel, NV 22862",Y,hours
563,Mrs. Karen Cross,086-44-2245,"5517 Williamson Fords Suite 771
New Sheilaport, IA 41938",Y,hours
564,David Johnston,226-24-3123,"784 Karen Parks Suite 547
East Julie, WA 07074",Y,hours
565,Javier Hernandez,380-52-9532,"758 Williams Vista
West Maria, KS 25118",N,hours
566,Nathan Arnold,265-33-4626,"8044 Morris Meadows Suite 065
West Jenniferville, AR 92161",Y,miles
567,Stephanie Galvan,187-67-5680,"PSC 0040, Box 7477
APO AP 30554",N,miles
568,Melanie Smith,020-15-9910,"6264 David Field Apt. 748
Lake Angel, KY 49212",Y,hours
569,Kendra Lopez,179-63-6801,"50840 Carolyn Centers Apt. 274
Garciachester, OR 19860",N,miles
570,Stephen Terry,844-42-0771,"436 Jake Overpass Apt. 354
North Norman, RI 11420",Y,hours
571,Melinda Manning,163-40-8871,"07761 Janice Grove Apt. 332
Lake Austin, NH 45365",Y,hours
572,Patrick Rosales,398-94-7135,"02848 Marquez Club
North Shawntown, AK 28273",N,miles
573,Cody Miller,221-81-8243,"21528 Romero Manor Suite 724
Jeremymouth, ND 93653",N,hours
574,Carlos Guzman,359-16-7896,"415 Kristin Curve Suite 185
West Kevinhaven, DC 81205",Y,hours
575,Steven Velasquez,682-97-8526,"0576 Alexa Point Suite 585
Thomasbury, TX 78644",Y,miles
576,Robert Torres,191-04-4494,"897 Marissa Lodge
Port Darrell, KY 59419",Y,miles
577,Julie Bowers,378-60-2865,"0059 Christopher Course
Susanmouth, TN 61469",N,miles
578,Megan Small,800-23-4779,"16991 Smith Plains
North Markmouth, NE 77973",N,hours
579,Jill Townsend,880-13-2923,"459 Taylor Corners Suite 280
West Tracyshire, DC 28698",N,hours
580,Nicholas Graham,551-83-0931,"34085 Michael Station
Lake Mirandaland, SC 60772",N,hours
581,Olivia Roberson,441-47-4685,"841 Frazier Lakes
Samanthaburgh, MN 53422",Y,hours
582,John Padilla,462-29-6812,"40048 Amanda Way Apt. 112
Hamiltonfort, MI 90959",N,hours
583,Victoria Wiggins,451-67-7671,"17407 Sheppard Road
South Jeffreyside, NY 38266",Y,miles
584,Sean Johnson,136-88-1000,"05974 Thomas Summit
Tonyfurt, AZ 65031",Y,miles
585,Robert Hernandez,703-40-6705,"8858 Darrell Prairie Apt. 278
Lake Michelehaven, WA 94502",Y,hours
586,Kelli Blair,194-74-9720,"1920 Roberts Forge Suite 679
Steveton, DC 60589",N,hours
587,Donna Paul,853-36-4587,"Unit 0701 Box 4201
DPO AE 52312",N,hours
588,Thomas Ramirez,849-71-7442,"496 Williams Curve
Port Jenniferhaven, RI 85772",N,hours
589,Kenneth Thomas,364-46-0711,"55574 Bailey Valley
New Derekton, DC 64706",Y,hours
590,Mark Glass,410-87-2897,"198 Aaron Place Suite 216
Wellsport, TN 67614",Y,miles
591,Brian Perry,383-15-8252,"00866 Erin Radial
Melissachester, NV 30470",Y,hours
592,Michael Perez,851-53-8445,"Unit 3658 Box 4777
DPO AA 69364",N,hours
593,Becky Washington,291-82-2167,"370 Burton Flats Suite 521
West Andrew, PW 63889",Y,miles
594,Alexis Tran,224-03-1280,"507 Jonathan Branch
New Markshire, VA 06761",Y,hours
595,Howard Leonard,881-47-6004,"18042 Amanda Throughway
Hernandezborough, NC 20205",N,miles
596,Megan Greer,894-59-5110,"6622 Jackson Flat Apt. 455
East Jenniferbury, AR 40085",N,hours
597,Carol Wallace,539-98-6418,"PSC 6609, Box 9949
APO AE 19189",Y,hours
598,Erica Jackson,172-87-7978,"Unit 8297 Box 3401
DPO AE 08791",Y,miles
599,Julie Jackson,461-03-7689,"5481 Bobby Shore
Benitezshire, AR 87972",N,miles
600,Steven Prince,815-54-6676,"2788 Anthony Turnpike Apt. 839
Lake Kelly, AZ 97405",Y,miles
601,Amanda Ford,508-17-0857,"8290 Pollard Ville Apt. 795
South Alexis, NV 71628",Y,hours
602,Rachel Hernandez,089-65-9539,"40820 Smith Pass Apt. 745
West Karina, IA 74589",N,hours
603,Kristen Holmes,281-35-4081,"USS Gill
FPO AA 50931",N,hours
604,Angela Miller,821-77-8832,"60522 Peter Keys Suite 662
East Joseborough, TN 03033",N,hours
605,Ashley Mcpherson,766-63-4485,"PSC 5408, Box 9696
APO AE 31616",Y,hours
606,Kristina Porter,531-43-5560,"72074 Heather Mission
Maldonadoport, MD 11675",N,miles
607,Amy Bullock,619-83-6945,"7494 Vanessa Branch Apt. 602
Lake John, VT 37482",Y,miles
608,Carla Pacheco,362-43-9241,"539 Paul Villages
Crawfordberg, CT 71054",N,hours
609,Jonathan Hawkins,469-96-0089,"9588 Hernandez Ferry Suite 745
Heatherhaven, MO 76718",Y,hours
610,Michael Shaffer,081-62-6846,"942 Brown Vista
Port Luis, PR 19044",Y,hours
611,Brian Garcia,405-09-1889,"41722 Jackson Crest Suite 536
Gilbertview, PA 84428",N,miles
612,Donna Pineda,178-63-7599,"5941 Cook Park
Alyssafort, MT 10381",Y,hours
613,Jessica Weaver,482-05-9555,"6998 Michelle Expressway
South Justin, ME 11782",Y,hours
614,Teresa Steele,425-16-4107,"19392 Lopez Roads
Evansbury, KY 10745",N,miles
615,Dawn Berger,515-16-6571,"PSC 1757, Box 8904
APO AP 87703",N,miles
616,Ronnie Beck,221-98-3715,"PSC 8391, Box 0365
APO AE 70433",N,hours
617,Ashley Wade,207-75-7245,"47050 Kelly Tunnel Suite 211
South Martinside, CO 33404",N,miles
618,Nicholas Smith,772-59-8903,"41558 Li Dam
Kinghaven, IL 55456",N,hours
619,Ashley Young,891-78-1191,"782 Miguel Route
Moralesland, NY 90369",N,hours
620,Ashley Dunn,665-21-5674,"00680 Kristina Mission Suite 322
North Robertfort, WY 33712",Y,miles
621,Amber Velez,263-26-9504,"86662 Rodriguez Prairie Apt. 876
Edwardsland, MN 17885",Y,miles
622,Joseph Delgado,161-55-7338,"0434 Gary Roads
South Michaelside, MP 84195",N,hours
623,Thomas Davis,210-49-2648,"5588 Jeremy Tunnel Suite 420
Jacksonside, SD 89615",Y,miles
624,David Marks,748-70-3555,"8728 Richard Bypass
Chrisfurt, VA 74346",Y,hours
625,Melissa Warren,349-79-3616,"0897 Chambers Rest
West Kevin, NH 15021",Y,hours
626,Robert Russo,790-96-5923,"59255 Brenda Stravenue Suite 698
Bryanport, AZ 57126",N,miles
627,Bethany Larsen,092-94-9513,"8645 Pamela Court
Timothyfort, MN 70744",Y,hours
628,Mr. Jesus Patel,120-60-7901,"797 Kramer Street Suite 337
Port Kendrastad, TN 06756",Y,miles
629,Amanda Ruiz,649-81-0688,"230 Baker Mill Suite 455
Port Gabriel, MT 24507",N,miles
630,Amy Smith,783-44-1568,"USNV Oneal
FPO AP 96159",N,miles
631,Douglas Bennett,194-72-9401,"173 Erica Plain
Crystalmouth, IN 15072",N,hours
632,James Smith,792-81-2389,"3986 Thomas Inlet Apt. 779
North Timothy, DE 91508",N,miles
633,Mary Kent,050-24-9465,"0430 Phillips Prairie Suite 312
Hughesside, TN 35097",Y,miles
634,Linda Madden,815-84-5533,"9331 Mark Divide
South Brianberg, AK 73474",Y,miles
635,William Rodriguez,090-34-3157,"975 Cynthia Brook Suite 816
South Nancy, ID 66745",Y,miles
636,Ann Morris,081-80-3197,"1096 Owens Roads Suite 357
South Peter, PA 66015",Y,hours
637,Amanda Moore,625-74-2920,"711 Caitlin Roads
Fryechester, DC 23989",Y,miles
638,Jonathan Wolfe,488-98-2706,"1922 Howell Square Apt. 499
North Grantmouth, CT 35771",Y,hours
639,Michelle Eaton,395-29-9687,"1875 Wilson Knoll Suite 553
Robinsonmouth, GA 54909",N,miles
640,Martha Mendez,022-41-2896,"6899 Heidi Causeway
Lake Joshuafurt, TN 17388",N,miles
641,Jesse Sanchez,520-80-8359,"536 Adams Forge Apt. 749
Patrickborough, NE 50509",Y,miles
642,Tonya Stokes,062-54-3379,"4315 Julie Port Suite 947
South Judithville, NJ 38941",Y,hours
643,Jill Meadows,398-98-9950,"855 Christina Ridge
New Justinshire, TX 26138",N,miles
644,Elizabeth Allen,013-66-6729,"1680 Carla Junction
Christophermouth, MO 99109",Y,miles
645,Maria Payne,882-75-5520,"8009 Kayla Inlet
West Douglas, VT 25000",N,hours
646,Anna Riley,358-80-6550,"1762 Kelly Burgs
West Tara, PW 62740",Y,miles
647,Nicholas Hicks II,085-70-3240,"95585 Moore Burg Suite 665
New Johnland, AR 92189",Y,hours
648,Shannon Gonzalez,828-88-9572,"7603 Mary Turnpike
Lake Chad, ME 35446",N,miles
649,Zachary Vazquez,501-23-3191,"Unit 2194 Box 2120
DPO AP 82210",Y,miles
650,Antonio Pham,667-23-4389,"6062 John Locks Apt. 264
Bradleyport, OR 64708",Y,hours
651,Dillon Harris,889-72-4154,"83034 Park Dale Suite 112
South Robert, LA 86183",Y,hours
652,Jesse Robbins,806-08-8760,"330 Jones Center
East Adam, TN 78656",Y,miles
653,Nathan Ayers,588-95-7916,"4983 Buchanan Row
South Douglas, MS 64895",Y,hours
654,Ellen Garcia,144-81-3094,"59118 Perez Shores
West Josephshire, TX 39763",Y,miles
655,Charles Jones,695-63-3017,"7502 Lee Prairie
West Marymouth, MN 62668",N,hours
656,Mrs. Chloe Russell,453-44-8666,"1601 Mary Road Suite 635
Adamfurt, OH 84456",Y,hours
657,Richard Anthony,441-80-8505,"17539 Tamara Highway
South Randy, WY 50089",N,miles
658,Victoria Horne,007-46-5459,"PSC 8383, Box 3374
APO AE 61000",N,miles
659,Jeffery Ortiz,220-72-6997,"169 May Via Apt. 757
Barnettville, IN 27007",Y,hours
660,Emily Moore,577-93-3418,"30503 Fry Drive Apt. 538
South Willie, OR 65073",N,miles
661,Steven Landry,835-80-6284,"06850 Scott Freeway
Gardnermouth, LA 78239",Y,miles
662,Carlos Wong,393-87-2732,"Unit 4118 Box 8580
DPO AE 24810",Y,hours
663,Rachel Greene,694-05-2507,"072 Stephen Crossing Apt. 116
Jonesbury, NY 90015",Y,hours
664,Mackenzie Smith,240-65-5886,"24895 Heather Valley Apt. 345
Michelleport, AR 52702",N,miles
665,Morgan Ferguson,410-49-1200,"69684 Audrey Hill Apt. 544
Lake Danielleberg, IN 89585",Y,miles
666,Erin Gomez,214-77-0196,"55662 Taylor Green
Thomasstad, TX 68557",N,hours
667,Taylor Reed,858-19-8541,"99352 Deborah Plaza Suite 943
New Dawn, GA 59791",Y,hours
668,Stephanie Martin,749-32-8896,"8385 Nathan Village
Port Melvin, MD 14683",N,hours
669,Kristin Simon,194-51-2625,"956 Krystal Freeway Suite 754
Michaelborough, MP 05827",N,hours
670,Meagan Short,639-02-4685,"860 Avila Squares
Paulaberg, VT 01429",N,miles
671,Hailey Jackson,354-48-7139,"10621 Monica Views
Barnesborough, PW 69052",N,miles
672,Kelly Turner,677-83-1953,"3432 Gordon Key Suite 348
Port Anitaburgh, PW 09291",Y,miles
673,James Hoffman,367-34-1709,"0403 Crystal Lodge
Hesterland, SC 59055",N,miles
674,Wanda Wood,680-48-6538,"Unit 4195 Box 9583
DPO AA 61316",N,hours
675,Michael Wiggins,116-94-2774,"135 Aaron Mill Suite 634
Alexanderton, WY 56990",N,hours
676,Calvin Moss,554-37-7988,"USCGC Sharp
FPO AA 35553",Y,miles
677,Ashley Day,515-88-7012,"305 Laura Extension
South Lisa, NC 32269",Y,hours
678,Carly Graham,299-68-8532,"684 Brian Avenue Suite 551
Michaelville, WI 76238",N,hours
679,Deanna Jacobs,288-13-6574,"398 Mcpherson Crescent
Jameston, SD 05863",N,miles
680,Samantha Pearson,703-59-1906,"0576 Brooks Forks Suite 371
Jasonberg, MA 75891",N,miles
681,Lori Williams,680-22-1844,"PSC 4693, Box 8338
APO AE 01802",Y,miles
682,Jesse Mitchell,670-74-7662,"998 Barbara Shoals
Port Johnbury, WA 32287",Y,miles
683,Jessica Williams,192-03-8234,"549 Heath Branch Suite 904
Susanstad, RI 11076",N,hours
684,Bobby Ward,457-28-4710,"95749 Jessica Lake Apt. 170
Lake Andrea, MH 64663",Y,miles
685,Kristin Guzman,604-70-4336,"531 Michael Plains
Allenstad, MA 32638",N,hours
686,Lisa Williams,669-44-1411,"79731 Heidi Plains
West Ericbury, WY 75480",N,miles
687,Jacob Thompson,772-85-2722,"529 Williams Common
Lake Amanda, GU 83315",N,hours
688,Darren Liu,639-16-9855,"1607 David Crescent
Gutierrezville, WY 70548",N,miles
689,Stacey Dougherty,776-75-8333,"533 Susan Underpass Suite 534
Gonzalezhaven, CO 30618",N,hours
690,Toni Sparks,128-86-4361,"535 Griffin Extensions
East Anne, LA 00784",N,miles
691,Olivia Robinson,261-67-4841,"4354 Wolf Prairie
Brianville, ID 85851",Y,miles
692,Harry Hall,412-19-4232,"087 Allison Via
Bushmouth, IL 14428",Y,hours
693,Mr. Martin Leonard,501-85-7008,"131 Johnson Glen Suite 867
Jamesshire, PW 47101",N,hours
694,Joe Chaney,287-49-1520,"301 Andrew Burgs
Lake Danielhaven, MS 48801",N,miles
695,Kristen Smith,339-33-0449,"90520 Miguel Shoals
Weberburgh, NV 19039",Y,miles
696,Katherine Gill,343-17-1868,"4033 Watson Hills Apt. 025
Jacobville, KY 19696",N,miles
697,Tyler Hicks,335-72-0407,"1256 Contreras Path Apt. 592
North Kristenfurt, WA 81137",Y,hours
698,Nancy Doyle,404-54-7328,"1300 Jennifer Estate
Port Angela, MA 46387",N,hours
699,Alan King MD,335-08-9495,"59873 Mitchell Mission
Pamelaton, MO 56412",N,hours
700,Virginia Aguilar,090-32-3867,"0539 Munoz Vista Apt. 739
West Rachael, NC 47330",N,miles
701,Jerome Adams,318-49-2468,"812 Cole Greens
East Theresa, SD 64587",N,miles
702,Michael Jones,420-66-3637,"268 Robert Brooks Apt. 305
Lake Walterfort, MN 91519",Y,miles
703,Tara Lopez,282-14-4632,"308 Mariah Pine Suite 754
Port Brian, VI 92065",N,miles
704,Daniel Cole,043-48-9904,"7149 Bates Islands
New Tony, ID 31466",Y,hours
705,Heather Riley,453-04-1274,"61410 Morton Route
Micheleburgh, CA 51661",Y,miles
706,Paul Ramsey,331-31-8846,"684 Juarez Burgs Apt. 872
Lake Toddmouth, IA 71120",N,miles
707,Casey Smith,277-23-4652,"148 Mercedes Estate Suite 564
Zhangbury, MD 09119",N,miles
708,Laura Lawrence,611-38-0081,"1186 Gary Forges Suite 071
Reeseburgh, GU 18185",N,hours
709,Brent Hammond,669-60-4998,"6881 Ford Port Apt. 578
Popeville, WV 97069",N,hours
710,Jason Lambert,299-56-9574,"501 Zimmerman Pine Suite 489
Mitchellview, ND 69516",Y,hours
711,Shannon Robinson,116-87-0315,"05511 George Square Apt. 477
East Michael, MA 47758",Y,miles
712,Amy Johnson,607-37-7317,"Unit 0650 Box 4328
DPO AE 80206",N,hours
713,Mr. Richard Spencer,008-54-5905,"01287 Benjamin Crest Apt. 660
Andreaview, CT 22689",Y,miles
714,Sarah Roberts,111-08-2525,"41707 Smith Circle
West Masonhaven, NE 57188",N,hours
715,Parker Wells,239-06-2822,"014 Rodriguez Groves Suite 703
Virginiaberg, OR 09823",Y,hours
716,Haley Barnes,276-99-4556,"69814 Jeffrey Courts Apt. 182
North Tyler, AS 39618",N,miles
717,Chelsea Marshall,520-70-6622,"291 Judith Corner
Georgebury, AZ 23648",N,miles
718,Jamie Allison,429-56-9694,"475 Douglas Bypass Apt. 011
New Vicki, MH 48480",N,miles
719,Robert Hartman,856-81-8187,"588 Reyes Road
Maureenburgh, AZ 60326",N,miles
720,Mark Ramirez,157-24-6932,"2038 Karen Dam Suite 818
Lake Jose, MO 82882",N,miles
721,Kristin Hernandez,720-25-1467,"05805 King Crossing Suite 197
Reyeshaven, ND 79263",N,hours
722,Miss Cindy Shaw,470-88-5001,"02482 Lauren Corner Suite 504
Millerfort, MH 80247",Y,miles
723,Jonathan Miles,673-69-0448,"86485 Patterson Point Suite 000
Port Teresaland, NC 95306",Y,miles
724,Martin Benjamin,769-87-0797,"0506 Kathryn Gateway
Lake Joshua, KY 42957",Y,hours
725,James Kelly,862-82-3364,"28317 Perry Parkway Apt. 065
South Marcborough, AS 58273",N,hours
726,Mark West,823-39-7305,"803 Crystal Crescent
Mistyfurt, VA 50559",N,miles
727,Chad Lloyd,375-58-1306,"507 Laura Ville Apt. 419
Gomezton, AZ 16220",N,miles
728,Derrick Hall,647-65-5280,"882 Ashley Street Apt. 176
Petersonfurt, PA 56346",N,hours
729,Mark Hancock,343-51-0411,"71557 Ellis Fork
Berryfort, KY 65114",N,hours
730,Andre Martin,333-50-7473,"USCGC Mcguire
FPO AE 18446",N,miles
731,Paige Diaz,497-80-6120,"16661 Shaw Grove Apt. 045
Haleland, DE 67866",Y,miles
732,Nathaniel Walton,099-44-5969,"05829 Colton Field
New Christian, NY 71026",N,hours
733,Kevin Hogan,173-99-8518,"6963 Aguirre Glen
South Darrenburgh, WA 07348",Y,hours
734,Brandon Hayes,465-59-4893,"3912 Rocha Meadows Suite 311
East Jason, MS 55641",N,miles
735,Calvin Briggs,299-20-8357,"41780 Herring River Apt. 421
North Lisa, TX 34530",N,hours
736,Taylor Miller,667-53-8917,"596 French Turnpike Suite 527
Craigfort, NJ 80396",Y,hours
737,Caleb Pierce,665-25-3851,"0172 Martinez Tunnel Apt. 244
South Denisemouth, VA 92277",N,hours
738,Darryl Cook,827-37-9055,"6688 David Union Suite 632
Matthewsshire, ID 71290",Y,hours
739,Kenneth Allison,260-10-0161,"7957 Thompson Walks
South Yolandaton, SD 20047",N,miles
740,Ryan Tran,710-03-1605,"142 Christina Mission Apt. 267
Hartville, LA 09095",Y,miles
741,Brent Reeves,432-02-6074,"7776 Ray Roads Suite 962
Port Andreaside, MA 31940",Y,miles
742,Michael Horne,566-64-7447,"USCGC Davis
FPO AP 25080",Y,hours
743,Angela Howard,619-54-3836,"8365 Haley Cliff
New Denniston, AK 16073",N,hours
744,Christopher Anderson,162-83-4264,"27963 Kevin Mews Suite 743
South Jamesborough, WI 72336",N,miles
745,Gwendolyn Wallace,771-30-5245,"5857 Lori Trafficway
Glendahaven, GA 67540",Y,hours
746,William Smith,264-51-9798,"4197 Rodriguez Glens
Gonzaleztown, NC 14676",Y,miles
747,Emily King,101-12-1606,"60725 Cole Fork Apt. 359
Port Daniel, NJ 78253",N,miles
748,Joshua Farrell,150-47-7215,"4603 Johnson Fork
New Christyville, SC 12417",N,hours
749,Gregory Cook,800-26-5523,"32845 Ramos Estate
New Harry, AR 12601",Y,miles
750,Nicholas Huynh,708-83-0716,"3692 Terry Valleys Suite 042
East Derek, MS 54202",Y,hours
751,Thomas Washington,044-16-2678,"83267 John Centers Suite 975
Farleybury, AS 10370",N,hours
752,Heather Green,046-72-0523,"38307 Li Burg Suite 148
Joshuahaven, FL 92575",N,hours
753,Mr. Jeremiah Smith,099-03-0398,"039 Craig Hill Suite 891
Thomasville, PR 91666",N,miles
754,Ashley Gray,758-48-5372,"64568 Martin Lights
Lake Melissaburgh, MS 83588",N,miles
755,Paul Kane,642-42-6010,"4322 Singh Plaza Suite 253
North Donna, MT 64516",Y,miles
756,James Baird,355-28-2126,"USCGC Stevens
FPO AE 77702",Y,hours
757,Steve Baker,461-10-2227,"15320 Steven Crescent Apt. 415
Port Angela, VT 87739",Y,miles
758,Kevin Taylor,095-10-8842,"8976 Jennifer Flat
Ashleyhaven, DC 29706",N,hours
759,Jesse Ortiz,481-57-6728,"7382 Vernon Spurs Suite 120
Silvaberg, NY 87264",N,miles
760,Rachel Mcfarland,047-85-9878,"51159 Moore Ramp
Sydneybury, FL 38205",N,miles
761,Darren Murphy,062-11-4799,"Unit 1932 Box 1775
DPO AA 67982",Y,miles
762,Caroline Mitchell,686-55-0207,"703 Scott Path
East Kimberlyborough, OK 98638",Y,miles
763,Bradley Flores,113-70-8650,"39489 Curtis Haven
North Dianeside, CT 89661",Y,hours
764,Joshua Diaz,162-76-4543,"0679 Ariana Burg
Lake Ryan, TN 68826",N,hours
765,Bonnie Mitchell,888-22-6500,"21085 Maureen Trafficway Apt. 591
North Jennifer, PR 27904",N,hours
766,Alexander Miller,065-42-2687,"96037 Allen Forges Apt. 818
South Jennifer, GU 97498",N,hours
767,Jennifer Clements,442-61-6672,"5885 Courtney Field
Keithbury, OK 71707",N,miles
768,Teresa Cisneros,870-03-0551,"471 Rebecca Square Apt. 790
South Scott, AL 42108",N,miles
769,Jamie Young,450-01-8824,"PSC 5702, Box 7589
APO AE 10959",N,hours
770,Joseph Simmons,785-44-1004,"66618 Derrick Pine
New Nathan, DC 23049",Y,miles
771,Michael Wright,225-82-1188,"05077 Drake Villages Suite 538
Port Patricia, NE 71699",Y,miles
772,Robert Bonilla,488-42-2015,"21237 Heather Course Suite 912
Lake Donnaland, NY 49855",Y,hours
773,Scott Wilcox,646-93-7833,"14105 Ricky Fords Suite 574
Monicaview, IA 67032",Y,miles
774,Paul Jones,208-89-2127,"9889 Peterson Course Suite 100
Port Dianabury, PR 38976",Y,miles
775,Katelyn Wright,735-20-7645,"66065 Alyssa Fort
Dayton, UT 34075",Y,hours
776,Judith Lee,050-54-5621,"69662 Williams Roads
Andrewside, SD 07572",N,hours
777,Brian Clark,847-69-3056,"73477 Davis Knolls
Davidton, SC 88950",N,hours
778,Tracy Kelly,189-35-8332,"0804 Gill Light
West Kimberlyfurt, AL 86628",N,hours
779,Donna Cruz,269-95-8957,"07918 Walter Stravenue Apt. 294
East Olivia, NM 34649",N,hours
780,Brian Taylor,054-99-4510,"7403 Janice Rapids Apt. 827
South Philip, ND 35364",Y,hours
781,Larry Jenkins,750-65-1975,"0262 Nicholas Squares
East Christopher, WV 82332",Y,hours
782,Jessica Mullins,811-47-2102,"7684 Salazar Ports Apt. 038
Williamsonview, ID 97705",Y,hours
783,Jessica Mcconnell,219-17-0111,"952 Erin Brooks
Frankville, IA 82260",Y,hours
784,Jeffrey Best,667-63-0799,"2791 Thomas Common Suite 876
Susanfort, IL 81941",Y,hours
785,Kenneth Barrett,858-42-5475,"6522 Lee Squares
Kaylahaven, NY 66417",N,hours
786,Christopher Martin V,895-45-9162,"7483 Catherine Extension Apt. 288
Catherineborough, WI 15440",Y,hours
787,Jocelyn Chen,727-52-0720,"585 Brian Fort
Feliciamouth, CT 04650",Y,hours
788,Dawn Kennedy,590-07-9627,"81099 Garza Garden Suite 876
Martinezburgh, AK 17669",Y,hours
789,David Medina,124-34-6843,"PSC 8547, Box 9722
APO AA 10370",N,hours
790,Anthony Perkins,246-36-2682,"86005 Barbara Rue
East Brian, WI 00938",N,hours
791,Mr. Cameron May,238-19-9463,"5543 Matthew Islands
Christopherville, PR 30546",Y,hours
792,Colin Salas,620-82-8317,"81866 Diana Canyon Suite 675
New Shannon, CA 77237",Y,miles
793,David Case,131-56-8830,"PSC 6909, Box 8438
APO AE 45587",Y,miles
794,Sandra Barnes,794-13-3450,"62078 Bethany Flats
New Deborahview, MP 97335",Y,hours
795,Mark Moore,549-43-3881,"6601 Alicia Plaza Suite 306
Michaelmouth, TX 69796",Y,miles
796,Aaron Warner,595-23-8860,"Unit 8171 Box 2425
DPO AA 63725",N,miles
797,Peter Johnson,577-94-2376,"8163 Tran Route Suite 269
New Paulberg, VT 43427",N,miles
798,Seth Reyes Jr.,495-43-8062,"3311 Louis Keys Apt. 859
North Hector, MN 41417",N,miles
799,Lisa Brown,698-59-6503,"57024 Hayes Alley Apt. 018
West Andreaborough, NC 28143",N,miles
800,Samuel Cantrell,058-82-9015,"4261 Kevin Streets Suite 412
West Melissa, MT 93878",Y,hours
801,Steven Price,219-59-5690,"703 Bryan Run Apt. 857
Youngmouth, TX 09094",N,miles
802,Adam Wood,219-71-5932,"9027 Tracy Pines Apt. 274
South Douglas, VT 37218",N,miles
803,Kelsey Bennett,370-09-3463,"PSC 2353, Box 4998
APO AP 79863",N,hours
804,Joshua Dawson,661-85-6240,"58904 Lester Plaza Apt. 158
West Alexander, AR 04568",Y,miles
805,Susan Jones,208-33-9612,"80824 Sara Landing
Lake Caitlynfurt, SC 52861",N,miles
806,Thomas Bullock,298-38-0030,"44785 Day Plaza Suite 213
Knighttown, NE 93204",N,hours
807,Thomas Patterson,399-11-0161,"USCGC Garcia
FPO AE 15257",Y,hours
808,Heather Hensley MD,476-29-8063,"7914 Frazier Hollow Apt. 468
North Anthonyborough, ME 11062",Y,hours
809,Alexander Douglas,329-13-7579,"65309 Margaret Orchard Apt. 403
North Chelseashire, OR 50312",Y,hours
810,Kimberly Hodge,280-42-1103,"385 Emily Shoal Suite 346
Lake Joseph, AZ 12807",N,miles
811,Michael Hensley,454-44-1366,"66462 Crawford Tunnel Suite 103
Thomasfort, ID 85930",Y,miles
812,Robert Dawson,522-29-8238,"4532 Mary Pass
Pattyville, NC 47397",N,miles
813,Victoria Eaton,224-51-3522,"427 Christopher Station Apt. 917
Autumnshire, NY 39622",Y,hours
814,Jeremy Hood,785-31-8856,"8655 John Shoal Apt. 461
Drakeside, FL 70274",N,miles
815,Joanne Williams,320-12-3061,"4638 Whitney Mission
Joshuastad, CO 57535",Y,hours
816,Daniel Miller,556-91-5870,"Unit 0086 Box 7312
DPO AA 49750",N,hours
817,Carolyn Potter,459-67-1847,"59704 Weaver Green Suite 924
New Aimeestad, NM 60713",N,hours
818,Jennifer Mccullough,341-18-3636,"15429 Patton Plaza
East Karenberg, TN 02352",N,miles
819,Rachel Mitchell,459-53-0736,"5311 Eric Tunnel Suite 932
Nguyenville, OK 33187",Y,miles
820,Anna Brooks,041-24-5113,"553 Cory Stravenue
Ianstad, WV 28751",N,hours
821,David Carroll,735-85-3203,"36675 Spears Spur
West Heidi, WA 17010",N,hours
822,John Rodriguez,541-13-4535,"072 Moran Summit
Angelabury, MI 46627",N,miles
823,Brenda Boyd,447-53-5189,"0625 Russell Freeway
Lake Brendaton, TX 52574",N,hours
824,Ethan Padilla,131-41-2517,"7105 Bradley Brooks
Smithstad, KY 23952",N,hours
825,Leah Hall,040-47-6289,"407 Fox Haven Apt. 684
Smithfort, IL 68597",N,hours
826,Tammy Jones,763-75-5603,"4880 Mark Shore Suite 752
Torrestown, LA 26660",N,hours
827,Gary Ruiz,648-54-9332,"2959 David Shoals
Hicksport, TX 53108",Y,hours
828,Kelly Kelley,785-08-7461,"5198 Thomas Shores
South Melissahaven, MA 33464",N,hours
829,Tanya Jensen,070-94-3078,"Unit 0691 Box 9900
DPO AE 14110",Y,miles
830,David Martinez,017-37-5066,"USNS Alvarez
FPO AA 89525",N,miles
831,Mark Simmons,347-74-3021,"13164 Gates Ways Apt. 614
Huntport, NJ 03336",Y,hours
832,Don Martinez,410-99-7075,"47573 Mueller Land
Stacymouth, WV 58738",Y,hours
833,Nathan Gomez,586-78-1422,"34727 Oneill River Suite 812
Robertchester, AR 21285",N,hours
834,Ronald Turner,498-16-6389,"1513 Jeffrey Locks Apt. 718
Hicksside, OH 34785",N,miles
835,Shelley Rivas,592-61-5708,"868 Tiffany Turnpike
Leeview, NE 73303",Y,hours
836,Leah Miller,721-85-9743,"04982 Bradley Station
Ashleyhaven, CT 29071",Y,hours
837,Brian Rogers,257-14-4670,"95041 Robert Alley Apt. 869
Laneton, NE 20926",Y,miles
838,Michelle Lee,209-24-7425,"37776 Paul Summit Apt. 836
New Davidfort, PR 45662",Y,hours
839,Sherry Copeland,324-88-4462,"3954 Noah Light Apt. 423
Richardborough, NE 05321",N,miles
840,Mitchell Boyd MD,597-95-9136,"054 Ramos Dam Suite 130
Port Gregory, DC 55218",N,hours
841,Kathryn Anderson,470-31-5774,"4377 Vanessa Parkways Suite 372
Joanfort, VT 11322",N,hours
842,Patricia Smith,432-95-5713,"455 Jones Loop
East Jenniferbury, VA 04963",N,hours
843,Lisa Robertson,225-69-5910,"172 Buckley Cape Suite 767
South Matthew, KS 12112",Y,miles
844,Robert Strickland,554-19-6119,"1659 Sullivan Locks Suite 823
Jimmyland, MS 53664",N,hours
845,Jerry Hall,423-36-0585,"724 Wilkinson Port Apt. 990
New Tyler, OH 56406",Y,miles
846,Paul Chandler,194-08-2194,"23341 Jackson Hollow
Anthonyland, GA 56548",Y,hours
847,Jorge Lynch,667-83-1771,"4938 Jonathon Heights
Timothyfurt, CT 06405",N,hours
848,Elizabeth Saunders,248-84-1417,"Unit 8145 Box 6092
DPO AA 43046",N,hours
849,Michael Giles,895-45-3493,"2379 Cummings Stravenue
Port Tracymouth, PA 05524",Y,hours
850,Jason Richards,097-84-4750,"7935 Sandoval Shores Suite 274
Morenofurt, MT 43516",Y,hours
851,Ryan Ellis,782-14-1878,"4684 Philip Alley Suite 729
East Brianville, GA 77045",Y,hours
852,James Key,567-21-8815,"042 Solis Hills
West Robert, OK 04778",N,miles
853,Michael Owens,513-78-0937,"899 Rowland Isle
Monicatown, WI 21510",Y,hours
854,Kendra Mccoy,070-93-3831,"183 Thompson Port Apt. 042
North Tamarashire, MN 06094",N,miles
855,Daniel Moore,292-23-7008,"44153 Fox Viaduct Suite 247
Morrisview, WY 75416",N,hours
856,Anthony Martinez,596-45-2368,"79267 Allison Harbor Apt. 226
Brookehaven, TN 48751",N,hours
857,Gregory Smith,460-68-1616,"44792 Cole Plain
Deborahport, VI 45300",Y,hours
858,Bethany Hampton,743-47-8699,"2378 Nina Island Apt. 865
Port Thomasfurt, MI 69508",Y,miles
859,Elizabeth Aguilar,608-71-4439,"0011 Jeremy Pike Suite 592
Wareberg, AZ 74717",Y,miles
860,Kimberly Hobbs,468-82-0460,"1583 Case Lake
East Sharonstad, IL 06661",N,hours
861,Cristina Bailey,468-83-8501,"534 Francisco Flat Apt. 714
East Jessica, OK 62260",N,hours
862,Tamara Madden,638-78-5938,"8439 Stephanie Mountain
North John, AZ 01971",N,miles
863,Meredith Smith,575-95-7612,"7248 Anthony Canyon
Mcknightstad, MA 26686",Y,hours
864,Rhonda Johnson,647-08-3993,"1486 Sheila Port Apt. 304
Josephstad, OR 36455",Y,miles
865,Samantha Gibson,464-24-0954,"686 Rodriguez Ferry
North James, OK 74285",Y,hours
866,Joseph Moran,718-85-8222,"90220 Victoria Way Suite 221
Meganshire, VT 10236",N,miles
867,Joshua Stephens,190-95-0237,"2589 Jeanne Flat
South Davemouth, WY 94869",N,miles
868,Sarah Campos,480-72-2687,"46403 Matthew Oval
North William, SC 55354",N,hours
869,Deborah Odonnell,538-56-2843,"192 Kyle Mountains
Lake Brenda, WY 89399",N,hours
870,Brandon Smith,661-95-4712,"34024 Harper Hill
Nguyenville, WA 51569",N,hours
871,Jennifer Dickson,020-84-7058,"2978 Gina Plains Suite 778
Lake Nicoleland, IN 62534",N,miles
872,John Daugherty,086-20-4703,"85470 Smith Lock
Allisonmouth, VT 51879",N,miles
873,Jose Nguyen,839-71-0428,"0828 Jane Run
South Sara, SC 23810",Y,miles
874,Hannah Hawkins,310-47-7164,"54583 Calvin Mountain
Candacehaven, MI 42667",N,miles
875,John Brown,128-07-7584,"753 Lisa Rapids Suite 309
East Gregberg, DE 96304",N,hours
876,Damon Stanley,795-01-0171,"20412 Courtney Flats Apt. 423
North Nancyport, GU 16739",N,miles
877,Jeremy Davis,841-71-7279,"5199 Shawn Street
East Alexandrastad, VA 55181",Y,hours
878,Jacob Hubbard,639-67-1915,"1515 Choi Circles Apt. 617
Harveyview, VI 07003",Y,miles
879,Alexandra Lopez,292-75-9532,"826 Richard Lock
Laurenfort, CT 39632",Y,miles
880,Stephanie Campbell,480-56-8634,"765 Derek Springs
Lake Carolynland, RI 80866",N,hours
881,Brian Estrada,207-66-6177,"8247 Natasha Camp
Kyleborough, MP 09091",Y,miles
882,Paul Curtis,212-70-6973,"897 Moreno Light Apt. 548
South Julieborough, TN 54794",Y,miles
883,Aaron Downs,438-66-7111,"929 Mcdonald Roads
Ryanberg, PW 01739",N,miles
884,Aaron Perkins,129-46-2766,"003 Maddox Ramp Apt. 241
New Williamfurt, PR 90061",N,hours
885,Kelly Fuentes,615-46-4787,"17805 Gary Skyway Apt. 963
Taylorburgh, NM 51872",N,miles
886,Cesar Terry,198-60-8561,"401 Church Fork
West Jillian, GA 91402",Y,hours
887,Trevor Moore,708-62-9454,"USNS Jones
FPO AA 53395",Y,miles
888,Kristen Andrews,512-41-6213,"3209 Hamilton Rapid Suite 715
Duffyview, TX 81040",Y,miles
889,Angela Dyer,482-74-8515,"119 Baker Shores
Sheristad, KS 09511",N,miles
890,Nathan Jones,203-59-1528,"PSC 1750, Box 0884
APO AP 42717",N,hours
891,Rhonda Ramirez,534-98-3538,"9654 Oneill River Suite 515
Barnettmouth, FL 82262",Y,hours
892,Tammy Contreras,173-42-9069,"20523 Crystal Parkway
New Kenneth, NY 55978",N,hours
893,Cheryl Molina,166-54-3284,"83657 Thomas Plains Apt. 686
North Leah, TN 08788",N,miles
894,Maria Turner,061-61-4189,"43045 Karla Meadows
Williamberg, IA 09708",N,hours
895,Eric Williams,507-09-9454,"13747 Kathryn Drives
Hudsonville, WY 36147",Y,miles
896,Steven Martin,383-46-6984,"4920 Andrew Plains
West Holly, PW 79447",N,hours
897,Robyn Smith,033-46-7412,"7538 Davis Brook
Johnmouth, MP 98223",N,hours
898,Joshua Nelson,432-66-8913,"309 Brandy Roads
Lake Robertfort, ND 33893",Y,miles
899,James Sandoval,127-17-5954,"631 Brenda Ridges Suite 043
Jenniferbury, AL 70183",N,miles
900,Rachel Fischer,418-40-4320,"2443 Hogan Trace Suite 049
Rachelton, MO 24953",N,miles
901,Andrea White,273-04-3310,"41821 Tucker Spur Suite 549
Sandersberg, IL 96491",Y,hours
902,Karina Smith,532-69-0324,"800 Patricia Courts Suite 760
Jacobshire, SD 81160",N,hours
903,Benjamin Powell,010-82-2150,"4489 Andrade Port
West Williamville, AS 52635",N,hours
904,Robert Anderson,650-22-4543,"972 Rachel Plain
Marcusshire, ND 74665",Y,hours
905,Sydney Green,482-10-2287,"5296 Scott Well Suite 324
Michaelburgh, AZ 81856",N,miles
906,Cassandra Blankenship,745-92-1246,"19791 Colton Fall Apt. 319
Lake Karenton, IA 54981",N,hours
907,Jasmine Clark,219-28-2312,"99699 Lucas Landing Apt. 530
Annaside, OH 00951",N,miles
908,Troy Rivera,637-53-1841,"008 Wendy Brooks
Dianaburgh, UT 42910",N,miles
909,Charles Harvey,445-18-2117,"779 Sullivan Fords
New Erica, DC 82309",Y,miles
910,Erica Brown,858-96-7666,"51665 Castaneda Walk
Trevorshire, NV 29520",N,hours
911,Nicole Marks,041-55-9793,"269 Evans Neck
Blakeshire, LA 68725",N,hours
912,Jennifer Pennington,263-26-5789,"7868 Nathaniel Lights Apt. 901
Jimenezville, PR 07678",Y,hours
913,Nathaniel King,792-10-5975,"116 Kristina Streets
Savagebury, RI 47288",N,miles
914,Anthony Page,096-74-2158,"1945 Jessica Parks Suite 647
Garybury, MS 38752",Y,miles
915,Joshua Myers,276-29-0916,"81550 Hunter Summit
East Jamesstad, TX 91580",N,hours
916,Ana Foster,323-26-5192,"8771 Sarah Lodge Suite 574
South Markland, FM 45677",Y,miles
917,Bonnie Arnold,453-15-6419,"4706 Charles Cliffs Suite 247
New Brentmouth, WI 99876",Y,miles
918,Alicia Bonilla,868-81-6173,"7805 Higgins Trail
Pittsshire, FM 48723",Y,hours
919,Charles Wade,699-59-1580,"96639 Palmer Mount
Geoffreyburgh, UT 92883",N,miles
920,Matthew Taylor,014-51-0769,"42677 John Drives Suite 528
North Nathanchester, AZ 31131",Y,miles
921,Justin Ruiz,549-36-7508,"46725 Matthew Spurs
Lishire, LA 58513",Y,miles
922,Tamara Hamilton,031-31-0346,"0706 Patel Highway Suite 343
Morachester, PA 98130",Y,miles
923,Philip Sampson,479-84-7736,"USNV Powell
FPO AP 15902",N,hours
924,Jeremy Collins,799-01-2898,"08432 Antonio Glen Apt. 138
Ramirezport, MS 43196",Y,miles
925,Eric Garcia,408-94-1559,"05145 Shields Burgs
East Laurenmouth, CO 77503",Y,hours
926,David Jones,376-16-8048,"65814 Goodman Orchard
Alexanderburgh, TN 68070",Y,hours
927,Tristan Coleman,757-67-8762,"538 Tommy Cliff Apt. 078
Lake Lance, MP 06259",N,hours
928,Dawn Weaver,390-08-0080,"PSC 3155, Box 8914
APO AE 98626",Y,hours
929,Alexis Cline,145-77-0374,"8150 Waller Point Apt. 216
Meltonside, FM 25295",Y,hours
930,Thomas Miller,199-07-1419,"7637 Jacqueline Square Suite 867
Aaronmouth, WI 09328",Y,miles
931,Mrs. Christine Phillips,069-33-4573,"900 Ryan Freeway Apt. 457
New Donnatown, KY 02634",Y,miles
932,Sheila Boyd,546-67-2341,"USNS Norton
FPO AP 36393",N,hours
933,Nicholas Murray,464-43-5031,"49862 Abigail Shore
Nicholsfurt, SC 29626",N,miles
934,Jason Holland,346-69-2724,"32630 Snyder Mission Suite 087
South Megan, HI 48080",Y,hours
935,Julian Barron,814-80-9255,"828 Blair Mountains
Port Christopher, PA 83061",N,miles
936,Kim Hernandez,429-84-3069,"689 Dawn Curve Apt. 811
New Elizabeth, PR 07336",Y,hours
937,Adrienne Bush,821-40-6235,"75330 Reginald Estate
Austinton, PW 68314",N,hours
938,Amy Hoover,644-54-1106,"209 Smith Orchard
New Curtis, HI 93086",N,miles
939,Mary Anderson,668-21-0940,"3015 Campbell Walk
North Jasmine, AK 63384",N,hours
940,Kristina Watkins,844-41-0170,"36603 David Ridge Apt. 420
Holmesburgh, AZ 30074",Y,miles
941,Megan Hoffman,506-44-0092,"165 Russell Inlet
East Brittney, KY 59910",N,miles
942,Justin Snyder,184-73-2403,"696 Gabriella Trail
Robertchester, NV 25148",N,hours
943,Jeff Rose,097-01-5396,"54641 Griffin Track Apt. 072
West Laurie, ND 81868",N,miles
944,Dan Turner,775-44-5641,"53560 Gomez Ville Apt. 422
Port Michaelborough, PA 16811",N,hours
945,Robert Stewart,506-89-4085,"4609 Jones Inlet Suite 616
Port Michael, MD 61855",Y,hours
946,George Larsen,509-70-4736,"4002 Michelle Estates Suite 607
New Christyfurt, LA 40935",Y,miles
947,Zachary French,579-70-6967,"7538 Hawkins Shoals Suite 609
South Theodoreborough, UT 72782",Y,miles
948,Sarah Butler,801-15-8123,"058 Tina Junction
Charlesbury, IA 29679",Y,miles
949,Larry Allen,771-64-7735,"54106 Rachel Shore
Frenchmouth, PR 83139",Y,miles
950,Lisa Petersen,462-09-0186,"6662 Carmen Walk
Lake Max, VI 40897",Y,hours
951,Lisa Gaines,116-70-1436,"3961 Stanton Shores
Port Terrence, FL 60310",N,hours
952,Wendy Hogan,532-66-9377,"168 Flynn Fords Suite 895
Jonesborough, TX 25330",N,miles
953,John Ali,821-88-4074,"USNS Edwards
FPO AE 85560",N,hours
954,Rebecca Ryan,328-87-2750,"813 Gaines Island
West Sydney, WY 93325",Y,miles
955,David Washington,091-38-4253,"423 Joshua Lakes
West Alyssafurt, NV 52339",N,miles
956,Samantha Lewis,168-86-9153,"29452 Benjamin Place Suite 779
Gomezstad, AS 02174",N,miles
957,Sherri Hodge,446-32-9685,"943 Flores Mills Apt. 883
Brownchester, OR 22192",Y,hours
958,Brandy Salinas,167-85-9243,"0475 Michelle Flat
Portertown, WI 61980",N,hours
959,Jordan Hernandez,712-28-4327,"3174 Juarez Street Suite 946
South Jennifer, MI 41029",N,hours
960,Jessica Lee,072-52-3582,"4986 Jack Landing
Andrewshire, PR 10790",N,miles
961,Priscilla Rose,409-95-9186,"910 Doyle Trafficway Suite 898
East Helenside, MO 15861",N,hours
962,Thomas Sherman,457-79-0143,"86970 Alyssa Heights
Michaelhaven, TX 18862",Y,hours
963,Melissa Ramirez,544-89-3597,"7688 Marshall Inlet
Reynoldsstad, GA 29927",N,miles
964,Mary Leon,724-66-2625,"09342 Morgan Roads Suite 601
Lake Scott, IN 18338",N,hours
965,Lynn Barton,081-39-8498,"43016 Hernandez Islands
New Amy, ID 64571",N,miles
966,Sharon Mathews,083-32-1288,"2829 Nelson Mountain
North Robert, PR 19986",Y,miles
967,Jamie Dickerson,611-70-0075,"8978 Thomas Dam Apt. 375
South Sabrina, WI 55697",Y,miles
968,Bryan Choi,147-52-3271,"1647 Allison Manor Suite 919
New Teresa, KS 86738",Y,hours
969,Mr. Devin Murphy Jr.,195-10-3076,"5549 Nelson Trace Suite 509
Patrickfort, AL 75058",N,hours
970,Dylan Chan,123-13-0176,"5468 Williams Ferry Suite 940
Amberside, LA 22827",Y,miles
971,Rachel Guerrero,773-67-5898,"4255 Duran Divide Suite 658
Christopherton, AZ 71461",Y,miles
972,Steven Gonzalez,687-12-9713,"63761 Ellis Shoal Apt. 516
Ashleyton, ID 57489",Y,miles
973,Jennifer Barber,489-22-2596,"73678 Gary Alley
North Johnview, AS 78228",Y,miles
974,Alicia Hicks,320-74-0798,"64927 Campbell Streets
East Colleen, NY 81365",Y,hours
975,Kathryn Campbell,541-35-1346,"5183 Michael Estate
Cervantesshire, PR 86619",Y,miles
976,Stacey Hernandez,202-81-3881,"79309 Jennifer Route
Stephanieburgh, IN 26161",Y,hours
977,Chad Simmons,161-50-7341,"06968 Farmer Burgs
East Jonathan, AK 87685",Y,miles
978,Stephanie Salinas,384-02-2653,"Unit 1482 Box 9902
DPO AP 60096",Y,hours
979,Joshua Ortiz,746-47-6297,"USCGC Clark
FPO AE 38025",N,miles
980,Matthew Burton,578-57-0081,"033 Arnold Spring Suite 389
New Tiffany, IN 49974",N,hours
981,Jerry Stark,521-13-0323,"42495 Burke Via Apt. 809
North Eric, NC 16153",N,hours
982,Jeremy Fields,397-97-5091,"940 Proctor Flats
Morrisonberg, MD 15270",N,miles
983,Sarah Rodriguez,526-47-8257,"512 Cox Green
Jonathanville, OH 88892",Y,hours
984,Lisa Francis,321-24-5125,"6723 Jessica Shoals
East Makaylafort, UT 45769",N,miles
985,Tammy Smith,898-92-8505,"37863 Williams Plaza
Patrickmouth, IA 09785",Y,miles
986,Crystal Smith,059-39-6375,"22730 Sandra Parkway Suite 057
Franciscoton, IL 14360",Y,hours
987,Brandon Washington,055-27-5985,"PSC 4913, Box 8758
APO AE 63768",N,hours
988,Zachary Whitney,345-66-2984,"Unit 3473 Box 1689
DPO AE 33538",N,miles
989,Colleen Mathews,322-63-6343,"1787 Alejandro Prairie Apt. 541
East Pamela, KY 91904",N,hours
990,Rebecca Parrish,473-64-8319,"00727 Wallace Junction Apt. 100
Port Mark, KY 02095",Y,miles
991,Steven Davidson,865-36-7554,"4876 Mindy Cove Suite 426
Amandachester, AS 62952",Y,miles
992,Angela Middleton,652-84-7308,"7623 Walker Skyway
North Erinport, MD 34695",N,hours
993,Christopher Thomas,379-54-3070,"095 Nelson Dam Suite 535
North Cristianburgh, MA 89919",Y,miles
994,Phillip Ross,865-32-7176,"664 Williams Crossing Suite 362
Ronaldhaven, FM 73860",N,hours
995,Kathleen Walker,517-58-9899,"556 Robbins Corner Suite 071
Dixonmouth, HI 75225",N,miles
996,Nicholas Lee,121-70-4416,"3819 Olson Circle
Lake Brianport, NV 75224",N,hours
997,John Wolfe,279-10-0925,"USNV Torres
FPO AP 97222",Y,miles
998,Julie Wells,267-93-3654,"84234 Alyssa Stravenue
Lawrencebury, VA 78773",Y,hours
999,Brooke Smith,359-20-4643,"46050 Sarah Plaza
Alberttown, GA 51658",N,hours
1000,Kelli Weeks,474-96-1610,"78331 Bryan Vista Suite 312
Lake Alexis, CT 26493",Y,hours
1001,Kevin Ramirez,244-18-2464,"141 Katie Locks Apt. 681
South Wesley, NE 92061",N,hours
1002,Derek Smith,270-08-6071,"09890 Michael Ford Apt. 871
Cookestad, MI 93468",N,miles
1003,Rita Acevedo,287-23-5362,"1401 Denise Neck
Hensleytown, NJ 63117",Y,hours
1004,Christina Le,122-24-9824,"Unit 1120 Box 0243
DPO AP 60211",Y,miles
1005,Gregory Johnson,297-69-8325,"062 Garcia Burg
New Rebeccaport, NV 61759",N,hours
1006,Joshua Lee,232-86-4649,"74496 Graham Harbor Suite 398
Lake Deborahland, MO 44839",Y,miles
1007,Susan Ward,891-48-9510,"056 Clark Hills Apt. 458
South Sandra, MD 14215",N,miles
1008,Joanna Frank,284-06-5868,"984 Garner Centers
North Jonathanstad, UT 14624",Y,hours
1009,James Powell,521-74-2881,"69920 Eric Trace Suite 309
North Justinview, WI 22025",N,miles
